"Symbol","Name","LastSale","MarketCap","ADR TSO","IPOyear","Sector","Industry","Summary Quote",
"VNET","21Vianet Group, Inc.","7.94","494486756.26","62277929","2011","Technology","Computer Software: Programming, Data Processing","https://www.nasdaq.com/symbol/vnet",
"TWOU","2U, Inc.","70.85","4119350781","n/a","2014","Technology","Computer Software: Prepackaged Software","https://www.nasdaq.com/symbol/twou",
"DDD","3D Systems Corporation","10.76","1230300627.32","n/a","n/a","Technology","Computer Software: Prepackaged Software","https://www.nasdaq.com/symbol/ddd",
"JOBS","51job, Inc.","77.88","2780710773.72","35705069","2004","Technology","Diversified Commercial Services","https://www.nasdaq.com/symbol/jobs",
"WUBA","58.com Inc.","65.68","9735239941.52","n/a","2013","Technology","Computer Software: Programming, Data Processing","https://www.nasdaq.com/symbol/wuba",
"EGHT","8x8 Inc","20.2","1932224899.6","n/a","n/a","Technology","EDP Services","https://www.nasdaq.com/symbol/eght",
"ATEN","A10 Networks, Inc.","7.09","532110512.32","n/a","2014","Technology","Computer Communications Equipment","https://www.nasdaq.com/symbol/aten",
"AAN","Aaron&#39;s,  Inc.","52.6","3565126271.6","n/a","n/a","Technology","Diversified Commercial Services","https://www.nasdaq.com/symbol/aan",
"ACIA","Acacia Communications, Inc.","57.35","2308807827.35","n/a","2016","Technology","Semiconductors","https://www.nasdaq.com/symbol/acia",
"ACIW","ACI Worldwide, Inc.","32.87","3817631520.06","n/a","n/a","Technology","Computer Software: Prepackaged Software","https://www.nasdaq.com/symbol/aciw",
"ACMR","ACM Research, Inc.","15.43","248038993.59","n/a","2017","Technology","Industrial Machinery/Components","https://www.nasdaq.com/symbol/acmr",
"ATVI","Activision Blizzard, Inc","45.53","34777356237.69","n/a","n/a","Technology","Computer Software: Prepackaged Software","https://www.nasdaq.com/symbol/atvi",
"ATU","Actuant Corporation","24.37","1489612204.58","n/a","n/a","Technology","Industrial Machinery/Components","https://www.nasdaq.com/symbol/atu",
"IOTS","Adesto Technologies Corporation","6.05","179350961.35","n/a","2015","Technology","Semiconductors","https://www.nasdaq.com/symbol/iots",
"ADBE","Adobe Inc.","266.49","130034046800.07","n/a","1986","Technology","Computer Software: Prepackaged Software","https://www.nasdaq.com/symbol/adbe",
"AMD","Advanced Micro Devices, Inc.","25.52","27601506210.96","n/a","n/a","Technology","Semiconductors","https://www.nasdaq.com/symbol/amd",
"AER","Aercap Holdings N.V.","46.54","6640078862.56","n/a","2006","Technology","Diversified Commercial Services","https://www.nasdaq.com/symbol/aer",
"ACY","AeroCentury Corp.","11.8","18241431.2","n/a","n/a","Technology","Diversified Commercial Services","https://www.nasdaq.com/symbol/acy",
"HIVE","Aerohive Networks, Inc.","4.53","253086157.77","n/a","2014","Technology","EDP Services","https://www.nasdaq.com/symbol/hive",
"AGYS","Agilysys, Inc.","21.17","498238426.89","n/a","n/a","Technology","EDP Services","https://www.nasdaq.com/symbol/agys",
"AGMH","AGM Group Holdings Inc.","20.65","685911535.75","n/a","2018","Technology","EDP Services","https://www.nasdaq.com/symbol/agmh",
"AL","Air Lease Corporation","34.35","3816909105.15","n/a","2011","Technology","Diversified Commercial Services","https://www.nasdaq.com/symbol/al",
"AYR","Aircastle Limited","20.24","1520555097.6","n/a","2006","Technology","Diversified Commercial Services","https://www.nasdaq.com/symbol/ayr",
"AIRG","Airgain, Inc.","12.83","128675675.23","n/a","2016","Technology","Radio And Television Broadcasting And Communications Equipment","https://www.nasdaq.com/symbol/airg",
"AMCN","AirMedia Group Inc","0.43","19426432.07","45177749","2007","Technology","Advertising","https://www.nasdaq.com/symbol/amcn",
"ALRM","Alarm.com Holdings, Inc.","64.9","3127031724.3","n/a","2015","Technology","Computer Software: Prepackaged Software","https://www.nasdaq.com/symbol/alrm",
"ALYA","Alithya Group inc.","3.2","155017126.4","n/a","n/a","Technology","Computer Software: Programming, Data Processing","https://www.nasdaq.com/symbol/alya",
"ALLT","Allot Ltd.","7.94","270252922.48","n/a","2006","Technology","Computer Communications Equipment","https://www.nasdaq.com/symbol/allt",
"MDRX","Allscripts Healthcare Solutions, Inc.","9.54","1634505333.84","n/a","n/a","Technology","EDP Services","https://www.nasdaq.com/symbol/mdrx",
"AOSL","Alpha and Omega Semiconductor Limited","11.51","275554637.05","n/a","2010","Technology","Semiconductors","https://www.nasdaq.com/symbol/aosl",
"GOOG","Alphabet Inc.","1173.31","815669150290.76","n/a","2004","Technology","Computer Software: Programming, Data Processing","https://www.nasdaq.com/symbol/goog",
"GOOGL","Alphabet Inc.","1176.89","818157917588.44","n/a","n/a","Technology","Computer Software: Programming, Data Processing","https://www.nasdaq.com/symbol/googl",
"AABA","Altaba Inc.","74.12","42060451692.4","n/a","n/a","Technology","EDP Services","https://www.nasdaq.com/symbol/aaba",
"ALTR","Altair Engineering Inc.","36.81","2601658910.07","n/a","2017","Technology","Computer Software: Prepackaged Software","https://www.nasdaq.com/symbol/altr",
"AYX","Alteryx, Inc.","83.87","5181842447.53","n/a","2017","Technology","Computer Software: Prepackaged Software","https://www.nasdaq.com/symbol/ayx",
"AMBA","Ambarella, Inc.","43.2","1384603675.2","n/a","2012","Technology","Semiconductors","https://www.nasdaq.com/symbol/amba",
"AMBR","Amber Road, Inc.","8.67","243479705.37","n/a","2014","Technology","Computer Software: Prepackaged Software","https://www.nasdaq.com/symbol/ambr",
"DOX","Amdocs Limited","54.11","7521939320","n/a","n/a","Technology","EDP Services","https://www.nasdaq.com/symbol/dox",
"AMRH","Ameri Holdings, Inc.","0.335","15754525.055","n/a","n/a","Technology","Semiconductors","https://www.nasdaq.com/symbol/amrh",
"AMRHW","Ameri Holdings, Inc.","0.0602","0","n/a","n/a","Technology","Semiconductors","https://www.nasdaq.com/symbol/amrhw",
"AMSWA","American Software, Inc.","11.95","371941622.9","n/a","n/a","Technology","Computer Software: Prepackaged Software","https://www.nasdaq.com/symbol/amswa",
"AMKR","Amkor Technology, Inc.","8.54","2045949440.36","n/a","1998","Technology","Semiconductors","https://www.nasdaq.com/symbol/amkr",
"AMN","AMN Healthcare Services Inc","47.09","2206879018.79","n/a","n/a","Technology","Professional Services","https://www.nasdaq.com/symbol/amn",
"ASYS","Amtech Systems, Inc.","5.33","75833001.4","n/a","n/a","Technology","Industrial Machinery/Components","https://www.nasdaq.com/symbol/asys",
"ADI","Analog Devices, Inc.","105.27","38772447834.78","n/a","n/a","Technology","Semiconductors","https://www.nasdaq.com/symbol/adi",
"PLAN","Anaplan, Inc.","39.36","4918590636.48","n/a","2018","Technology","Computer Software: Prepackaged Software","https://www.nasdaq.com/symbol/plan",
"ANSS","ANSYS, Inc.","182.71","15305950693.88","n/a","1996","Technology","Computer Software: Prepackaged Software","https://www.nasdaq.com/symbol/anss",
"APY","Apergy Corporation","41.06","3176512215.64","n/a","2018","Technology","Industrial Machinery/Components","https://www.nasdaq.com/symbol/apy",
"APPF","AppFolio, Inc.","79.4","2692079390.8","n/a","2015","Technology","Computer Software: Prepackaged Software","https://www.nasdaq.com/symbol/appf",
"APPN","Appian Corporation","34.43","2212297343.19","n/a","2017","Technology","Computer Software: Prepackaged Software","https://www.nasdaq.com/symbol/appn",
"AAPL","Apple Inc.","189.95","895667436000","n/a","1980","Technology","Computer Manufacturing","https://www.nasdaq.com/symbol/aapl",
"AMAT","Applied Materials, Inc.","39.66","37652910872.94","n/a","1972","Technology","Semiconductors","https://www.nasdaq.com/symbol/amat",
"AAOI","Applied Optoelectronics, Inc.","12.2","242567878.6","n/a","2013","Technology","Semiconductors","https://www.nasdaq.com/symbol/aaoi",
"AQ","Aquantia Corp.","9.06","318679565.7","n/a","2017","Technology","Semiconductors","https://www.nasdaq.com/symbol/aq",
"ANET","Arista Networks, Inc.","314.46","23814330323.58","n/a","2014","Technology","Computer Communications Equipment","https://www.nasdaq.com/symbol/anet",
"ARRS","ARRIS International plc","31.61","5503810900.91","n/a","n/a","Technology","Radio And Television Broadcasting And Communications Equipment","https://www.nasdaq.com/symbol/arrs",
"ASX","ASE Technology Holding Co., Ltd.","4.31","9002718022.35","n/a","2018","Technology","Semiconductors","https://www.nasdaq.com/symbol/asx",
"ASGN","ASGN Incorporated","63.49","3343081695.52","n/a","1992","Technology","Professional Services","https://www.nasdaq.com/symbol/asgn",
"ASML","ASML Holding N.V.","188.05","13485211050.7","71710774","1995","Technology","Industrial Machinery/Components","https://www.nasdaq.com/symbol/asml",
"AZPN","Aspen Technology, Inc.","104.26","7261275382.66","n/a","1994","Technology","EDP Services","https://www.nasdaq.com/symbol/azpn",
"ALOT","AstroNova, Inc.","20.39","141767469.66","n/a","1983","Technology","Computer peripheral equipment","https://www.nasdaq.com/symbol/alot",
"ASUR","Asure Software Inc","6.11","94123725.15","n/a","n/a","Technology","EDP Services","https://www.nasdaq.com/symbol/asur",
"TEAM","Atlassian Corporation Plc","112.39","26917968073.9","n/a","2015","Technology","Computer Software: Prepackaged Software","https://www.nasdaq.com/symbol/team",
"ATOM","Atomera Incorporated","2.65","40628482.95","n/a","2016","Technology","Semiconductors","https://www.nasdaq.com/symbol/atom",
"ATTU","Attunity Ltd.","23.45","514347539.65","n/a","n/a","Technology","Computer Software: Prepackaged Software","https://www.nasdaq.com/symbol/attu",
"AUO","AU Optronics Corp","3.64","3503225220.04","n/a","2002","Technology","Semiconductors","https://www.nasdaq.com/symbol/auo",
"AEYE","AudioEye, Inc.","9.01","68685275.27","n/a","n/a","Technology","Computer Software: Prepackaged Software","https://www.nasdaq.com/symbol/aeye",
"JG","Aurora Mobile Limited","6.6","73750842","11174370","2018","Technology","Computer Software: Programming, Data Processing","https://www.nasdaq.com/symbol/jg",
"ADSK","Autodesk, Inc.","155.82","34207977357.12","n/a","n/a","Technology","Computer Software: Prepackaged Software","https://www.nasdaq.com/symbol/adsk",
"ATHM","Autohome Inc.","105.12","12313846782.72","n/a","2013","Technology","EDP Services","https://www.nasdaq.com/symbol/athm",
"ADP","Automatic Data Processing, Inc.","159.74","69587481249.44","n/a","n/a","Technology","EDP Services","https://www.nasdaq.com/symbol/adp",
"AUTO","AutoWeb, Inc.","3.78","49086891","n/a","n/a","Technology","Computer Software: Programming, Data Processing","https://www.nasdaq.com/symbol/auto",
"AVLR","Avalara, Inc.","55.79","3875763379.25","n/a","2018","Technology","Computer Software: Prepackaged Software","https://www.nasdaq.com/symbol/avlr",
"AVNW","Aviat Networks, Inc.","15.36","82638766.08","n/a","n/a","Technology","Radio And Television Broadcasting And Communications Equipment","https://www.nasdaq.com/symbol/avnw",
"AVID","Avid Technology, Inc.","7.45","312906481.5","n/a","1993","Technology","Computer Software: Prepackaged Software","https://www.nasdaq.com/symbol/avid",
"AWRE","Aware, Inc.","3.62","78087563","n/a","1996","Technology","Computer Software: Prepackaged Software","https://www.nasdaq.com/symbol/awre",
"ACLS","Axcelis Technologies, Inc.","20.12","660473867.96","n/a","2000","Technology","Industrial Machinery/Components","https://www.nasdaq.com/symbol/acls",
"AXTI","AXT Inc","4.45","177928617.55","n/a","1998","Technology","Semiconductors","https://www.nasdaq.com/symbol/axti",
"BOSC","B.O.S. Better Online Solutions","2.91","10637577.75","n/a","n/a","Technology","Computer Communications Equipment","https://www.nasdaq.com/symbol/bosc",
"BIDU","Baidu, Inc.","164.85","45937887334.5","278664770","2005","Technology","Computer Software: Programming, Data Processing","https://www.nasdaq.com/symbol/bidu",
"BAND","Bandwidth Inc.","66.96","1335537622.8","n/a","2017","Technology","Computer Software: Prepackaged Software","https://www.nasdaq.com/symbol/band",
"BBSI","Barrett Business Services, Inc.","77.33","572822284.32","n/a","1993","Technology","Professional Services","https://www.nasdaq.com/symbol/bbsi",
"BHE","Benchmark Electronics, Inc.","26.25","1067192831.25","n/a","n/a","Technology","Electrical Products","https://www.nasdaq.com/symbol/bhe",
"BNFT","Benefitfocus, Inc.","49.52","1586665070.88","n/a","2013","Technology","Computer Software: Prepackaged Software","https://www.nasdaq.com/symbol/bnft",
"BGSF","BG Staffing Inc","21.84","223412061.6","n/a","n/a","Technology","Professional Services","https://www.nasdaq.com/symbol/bgsf",
"BILI","Bilibili Inc.","18.95","1646255591.7","86873646","2018","Technology","EDP Services","https://www.nasdaq.com/symbol/bili",
"BKYI","BIO-key International, Inc.","1.47","20547465.96","n/a","n/a","Technology","Computer Communications Equipment","https://www.nasdaq.com/symbol/bkyi",
"BITA","Bitauto Holdings Limited","15.92","508707680","n/a","2010","Technology","EDP Services","https://www.nasdaq.com/symbol/bita",
"BKTI","BK Technologies Corporation","4.27","54460835.38","n/a","n/a","Technology","Radio And Television Broadcasting And Communications Equipment","https://www.nasdaq.com/symbol/bkti",
"BKI","Black Knight, Inc.","54.5","8175649585.5","n/a","2017","Technology","Computer Software: Prepackaged Software","https://www.nasdaq.com/symbol/bki",
"BLKB","Blackbaud, Inc.","79.73","3872350160.35","n/a","2004","Technology","Computer Software: Prepackaged Software","https://www.nasdaq.com/symbol/blkb",
"BB","BlackBerry Limited","10.09","5522830919.2","n/a","n/a","Technology","Computer Software: Prepackaged Software","https://www.nasdaq.com/symbol/bb",
"BL","BlackLine, Inc.","46.32","2548771571.76","n/a","2016","Technology","Computer Software: Prepackaged Software","https://www.nasdaq.com/symbol/bl",
"BDR","Blonder Tongue Laboratories, Inc.","1.09","10403416.71","n/a","n/a","Technology","Radio And Television Broadcasting And Communications Equipment","https://www.nasdaq.com/symbol/bdr",
"BRQS","Borqs Technologies, Inc. ","4.78","149630013","n/a","2015","Technology","EDP Services","https://www.nasdaq.com/symbol/brqs",
"EPAY","Bottomline Technologies, Inc.","50.09","2163583402.71","n/a","1999","Technology","Computer Software: Prepackaged Software","https://www.nasdaq.com/symbol/epay",
"BOX","Box, Inc.","19.31","2787055670.26","n/a","2015","Technology","Computer Software: Prepackaged Software","https://www.nasdaq.com/symbol/box",
"BLIN          ","Bridgeline Digital, Inc.","0.16","2598601.44","n/a","n/a","Technology","Computer Software: Prepackaged Software","https://www.nasdaq.com/symbol/blin",
"BCOV","Brightcove Inc.","8.41","308186964.59","n/a","2012","Technology","EDP Services","https://www.nasdaq.com/symbol/bcov",
"AVGO","Broadcom Inc.","300.71","119034748418.6","n/a","2009","Technology","Semiconductors","https://www.nasdaq.com/symbol/avgo",
"BVSN","BroadVision, Inc.","1.63","8148621.02","n/a","1996","Technology","Computer Software: Prepackaged Software","https://www.nasdaq.com/symbol/bvsn",
"BRKS","Brooks Automation, Inc.","29.33","2081259557.02","n/a","1995","Technology","Industrial Machinery/Components","https://www.nasdaq.com/symbol/brks",
"CCMP","Cabot Microelectronics Corporation","111.96","3241840202.28","n/a","2000","Technology","Semiconductors","https://www.nasdaq.com/symbol/ccmp",
"CACI","CACI International, Inc.","182.02","4525494820.48","n/a","n/a","Technology","EDP Services","https://www.nasdaq.com/symbol/caci",
"CDNS","Cadence Design Systems, Inc.","63.51","17858136324.12","n/a","n/a","Technology","Computer Software: Prepackaged Software","https://www.nasdaq.com/symbol/cdns",
"CAI","CAI International, Inc.","23.2","434124246.4","n/a","n/a","Technology","Diversified Commercial Services","https://www.nasdaq.com/symbol/cai",
"CAMP","CalAmp Corp.","12.58","430979553.48","n/a","1983","Technology","Radio And Television Broadcasting And Communications Equipment","https://www.nasdaq.com/symbol/camp",
"CSIQ","Canadian Solar Inc.","18.63","1091378281.95","n/a","2006","Technology","Semiconductors","https://www.nasdaq.com/symbol/csiq",
"CANG","Cango Inc.","6.8","1027513632.8","n/a","2018","Technology","Computer Software: Prepackaged Software","https://www.nasdaq.com/symbol/cang",
"CBLK","Carbon Black, Inc.","13.95","987450763.95","n/a","2018","Technology","Computer Software: Prepackaged Software","https://www.nasdaq.com/symbol/cblk",
"CARB","Carbonite, Inc.","24.81","852606045.39","n/a","2011","Technology","EDP Services","https://www.nasdaq.com/symbol/carb",
"CDLX","Cardlytics, Inc.","16.54","372184949.02","n/a","2018","Technology","Computer Software: Programming, Data Processing","https://www.nasdaq.com/symbol/cdlx",
"CARG","CarGurus, Inc.","40.06","3616306935.9","n/a","2017","Technology","EDP Services","https://www.nasdaq.com/symbol/carg",
"CARS","Cars.com Inc.","22.8","1536605658","n/a","2017","Technology","EDP Services","https://www.nasdaq.com/symbol/cars",
"CASA","Casa Systems, Inc.","8.3","689964209.4","n/a","2017","Technology","Radio And Television Broadcasting And Communications Equipment","https://www.nasdaq.com/symbol/casa",
"CSLT","Castlight Health, inc.","3.75","538215750","n/a","2014","Technology","EDP Services","https://www.nasdaq.com/symbol/cslt",
"CLS","Celestica, Inc.","8.45","997770904.65","n/a","1998","Technology","Electrical Products","https://www.nasdaq.com/symbol/cls",
"CRNT","Ceragon Networks Ltd.","3.59","281349707.28","n/a","n/a","Technology","Radio And Television Broadcasting And Communications Equipment","https://www.nasdaq.com/symbol/crnt",
"CDAY","Ceridian HCM Holding Inc.","51.3","7208413805.7","n/a","2018","Technology","Computer Software: Prepackaged Software","https://www.nasdaq.com/symbol/cday",
"CERN","Cerner Corporation","57.21","18556687546.68","n/a","1986","Technology","EDP Services","https://www.nasdaq.com/symbol/cern",
"CEVA","CEVA, Inc.","26.96","594831690.4","n/a","n/a","Technology","Semiconductors","https://www.nasdaq.com/symbol/ceva",
"CYOU","Changyou.com Limited","17.1","334579557.6","19566056","2009","Technology","Computer Software: Prepackaged Software","https://www.nasdaq.com/symbol/cyou",
"ECOM          ","ChannelAdvisor Corporation","12.18","338573696.16","n/a","2013","Technology","Computer Software: Prepackaged Software","https://www.nasdaq.com/symbol/ecom",
"CHKP","Check Point Software Technologies Ltd.","126.49","20116297685.12","n/a","1996","Technology","Computer Software: Prepackaged Software","https://www.nasdaq.com/symbol/chkp",
"CMCM","Cheetah Mobile Inc.","6.42","920206327.98","n/a","2014","Technology","Computer Software: Prepackaged Software","https://www.nasdaq.com/symbol/cmcm",
"CVR","Chicago Rivet & Machine Co.","28.2305","27274389.426","n/a","n/a","Technology","Industrial Machinery/Components","https://www.nasdaq.com/symbol/cvr",
"CCIH","ChinaCache International Holdings Ltd.","1.25","30201850","24161480","2010","Technology","EDP Services","https://www.nasdaq.com/symbol/ccih",
"CNET","ChinaNet Online Holdings, Inc.","1.95","31458458.85","n/a","n/a","Technology","Computer Software: Programming, Data Processing","https://www.nasdaq.com/symbol/cnet",
"IMOS","ChipMOS TECHNOLOGIES INC.","16.88","89629862.88","5309826","n/a","Technology","Semiconductors","https://www.nasdaq.com/symbol/imos",
"CCC","Churchill Capital Corp","13.44","1159200000","n/a","2018","Technology","EDP Services","https://www.nasdaq.com/symbol/ccc",
"CRUS","Cirrus Logic, Inc.","42.07","2488121314.91","n/a","1989","Technology","Semiconductors","https://www.nasdaq.com/symbol/crus",
"CSCO","Cisco Systems, Inc.","53.99","237665476386.84","n/a","1990","Technology","Computer Communications Equipment","https://www.nasdaq.com/symbol/csco",
"CISN","Cision Ltd.","13.77","2042202564.54","n/a","2017","Technology","Computer Software: Prepackaged Software","https://www.nasdaq.com/symbol/cisn",
"CTXS","Citrix Systems, Inc.","99.66","13127796516.78","n/a","1995","Technology","Computer Software: Prepackaged Software","https://www.nasdaq.com/symbol/ctxs",
"CLDR","Cloudera, Inc.","10.94","2882873616.96","n/a","2017","Technology","Computer Software: Prepackaged Software","https://www.nasdaq.com/symbol/cldr",
"CLPS","CLPS Incorporation","10.29","142144218.09","n/a","2018","Technology","Computer Software: Prepackaged Software","https://www.nasdaq.com/symbol/clps",
"CTSH","Cognizant Technology Solutions Corporation","72.45","41665942473.75","n/a","1998","Technology","EDP Services","https://www.nasdaq.com/symbol/ctsh",
"CCNI","Command Center, Inc.","3.93","18529651.32","n/a","n/a","Technology","Professional Services","https://www.nasdaq.com/symbol/ccni",
"COMM","CommScope Holding Company, Inc.","21.73","4180423440.94","n/a","2013","Technology","Radio And Television Broadcasting And Communications Equipment","https://www.nasdaq.com/symbol/comm",
"CVLT","Commvault Systems, Inc.","64.74","2971346013.48","n/a","2006","Technology","Computer Software: Prepackaged Software","https://www.nasdaq.com/symbol/cvlt",
"CPSI","Computer Programs and Systems, Inc.","29.69","425611494.2","n/a","2002","Technology","EDP Services","https://www.nasdaq.com/symbol/cpsi",
"CTG","Computer Task Group, Incorporated","4.3","62276814","n/a","n/a","Technology","EDP Services","https://www.nasdaq.com/symbol/ctg",
"CMTL","Comtech Telecommunications Corp.","23.22","560203374.78","n/a","n/a","Technology","Radio And Television Broadcasting And Communications Equipment","https://www.nasdaq.com/symbol/cmtl",
"CTK","CooTek (Cayman) Inc.","10.95","696514432.8","n/a","2018","Technology","EDP Services","https://www.nasdaq.com/symbol/ctk",
"CLGX","CoreLogic, Inc.","37.26","2985498784.08","n/a","n/a","Technology","EDP Services","https://www.nasdaq.com/symbol/clgx",
"CSOD","Cornerstone OnDemand, Inc.","54.78","3237509503.8","n/a","2011","Technology","Computer Software: Prepackaged Software","https://www.nasdaq.com/symbol/csod",
"CPAH","CounterPath Corporation","1.67","9935671.68","n/a","n/a","Technology","Computer Software: Prepackaged Software","https://www.nasdaq.com/symbol/cpah",
"COUP","Coupa Software Incorporated","90.98","5553741815.08","n/a","2016","Technology","Computer Software: Prepackaged Software","https://www.nasdaq.com/symbol/coup",
"CRAY","Cray Inc","26.05","1065189423.45","n/a","n/a","Technology","Computer Manufacturing","https://www.nasdaq.com/symbol/cray",
"CREX","Creative Realities, Inc.","2.71","26354278.46","n/a","n/a","Technology","EDP Services","https://www.nasdaq.com/symbol/crex",
"CREXW","Creative Realities, Inc.","0.37","0","n/a","n/a","Technology","EDP Services","https://www.nasdaq.com/symbol/crexw",
"CREE","Cree, Inc.","57.22","5906491699.44","n/a","1993","Technology","Semiconductors","https://www.nasdaq.com/symbol/cree",
"CRTO","Criteo S.A.","20.03","1261881066.62","62999554","2013","Technology","Advertising","https://www.nasdaq.com/symbol/crto",
"CCRN","Cross Country Healthcare, Inc.","7.03","254063328.28","n/a","2001","Technology","Professional Services","https://www.nasdaq.com/symbol/ccrn",
"CSGS","CSG Systems International, Inc.","42.3","1395358813.8","n/a","1996","Technology","EDP Services","https://www.nasdaq.com/symbol/csgs",
"CSPI","CSP Inc.","11.15","44814682.1","n/a","1982","Technology","EDP Services","https://www.nasdaq.com/symbol/cspi",
"CTS","CTS Corporation","29.37","961404246.99","n/a","n/a","Technology","Electrical Products","https://www.nasdaq.com/symbol/cts",
"CW","Curtiss-Wright Corporation","113.34","4853790033.6","n/a","n/a","Technology","Industrial Machinery/Components","https://www.nasdaq.com/symbol/cw",
"CVV","CVD Equipment Corporation","3.93","25574530.02","n/a","n/a","Technology","Industrial Machinery/Components","https://www.nasdaq.com/symbol/cvv",
"CYBR","CyberArk Software Ltd.","119.05","4427952128.7","n/a","2014","Technology","Computer Software: Prepackaged Software","https://www.nasdaq.com/symbol/cybr",
"CY","Cypress Semiconductor Corporation","14.92","5439728544.72","n/a","1986","Technology","Semiconductors","https://www.nasdaq.com/symbol/cy",
"CYRN","CYREN Ltd.","2.17","116604188.33","n/a","n/a","Technology","Computer Software: Prepackaged Software","https://www.nasdaq.com/symbol/cyrn",
"DQ","DAQO New Energy Corp.","33.03","424891677.33","n/a","2010","Technology","Semiconductors","https://www.nasdaq.com/symbol/dq",
"DTSS","Datasea Inc.","2.1354","44723488.7484","n/a","n/a","Technology","Computer Software: Prepackaged Software","https://www.nasdaq.com/symbol/dtss",
"DELL","Dell Technologies Inc.","58.69","42164926967.45","n/a","2018","Technology","Computer Manufacturing","https://www.nasdaq.com/symbol/dell",
"DGII","Digi International Inc.","12.67","350642288.01","n/a","1989","Technology","Computer Communications Equipment","https://www.nasdaq.com/symbol/dgii",
"DMRC","Digimarc Corporation","31.38","367146000","n/a","n/a","Technology","EDP Services","https://www.nasdaq.com/symbol/dmrc",
"DGLY","Digital Ally, Inc.","3.72","41158217.64","n/a","n/a","Technology","Radio And Television Broadcasting And Communications Equipment","https://www.nasdaq.com/symbol/dgly",
"DIOD","Diodes Incorporated","34.7","1795378694","n/a","n/a","Technology","Semiconductors","https://www.nasdaq.com/symbol/diod",
"DLHC","DLH Holdings Corp.","6.4","77031430.4","n/a","n/a","Technology","Professional Services","https://www.nasdaq.com/symbol/dlhc",
"DOCU","DocuSign, Inc.","51.84","8807616000","n/a","2018","Technology","Computer Software: Prepackaged Software","https://www.nasdaq.com/symbol/docu",
"DOMO","Domo, Inc.","40.33","1062208434.59","n/a","2018","Technology","Computer Software: Prepackaged Software","https://www.nasdaq.com/symbol/domo",
"DOV","Dover Corporation","93.8","13621005664","n/a","n/a","Technology","Industrial Machinery/Components","https://www.nasdaq.com/symbol/dov",
"DBX","Dropbox, Inc.","21.8","8965769690.2","n/a","2018","Technology","Computer Software: Prepackaged Software","https://www.nasdaq.com/symbol/dbx",
"DSPG","DSP Group, Inc.","14.07","318344358.78","n/a","1994","Technology","Semiconductors","https://www.nasdaq.com/symbol/dspg",
"DXC","DXC Technology Company","64.31","17252520035.97","n/a","n/a","Technology","EDP Services","https://www.nasdaq.com/symbol/dxc",
"ETN","Eaton Corporation, PLC","80.56","34175422119.84","n/a","n/a","Technology","Industrial Machinery/Components","https://www.nasdaq.com/symbol/etn",
"EBIX","Ebix, Inc.","49.37","1508066486.44","n/a","n/a","Technology","EDP Services","https://www.nasdaq.com/symbol/ebix",
"SATS","EchoStar Corporation","36.45","1737149008.05","n/a","n/a","Technology","Radio And Television Broadcasting And Communications Equipment","https://www.nasdaq.com/symbol/sats",
"EGAN","eGain Corporation","10.45","291579296.25","n/a","1999","Technology","Computer Software: Prepackaged Software","https://www.nasdaq.com/symbol/egan",
"ESTC","Elastic N.V.","79.87","5854204793.29","n/a","2018","Technology","Computer Software: Prepackaged Software","https://www.nasdaq.com/symbol/estc",
"EA","Electronic Arts Inc.","101.63","30447897779.1","n/a","n/a","Technology","Computer Software: Prepackaged Software","https://www.nasdaq.com/symbol/ea",
"EFII","Electronics for Imaging, Inc.","26.9","1147074749.6","n/a","1992","Technology","Computer Communications Equipment","https://www.nasdaq.com/symbol/efii",
"ELLI","Ellie Mae, Inc.","98.69","3434653987.88","n/a","2011","Technology","Computer Software: Prepackaged Software","https://www.nasdaq.com/symbol/elli",
"ELTK","Eltek Ltd.","1.629","3304511.208","n/a","1997","Technology","Electrical Products","https://www.nasdaq.com/symbol/eltk",
"EMAN","eMagin Corporation","0.8342","37565137.1544","n/a","n/a","Technology","Semiconductors","https://www.nasdaq.com/symbol/eman",
"EMKR","EMCORE Corporation","3.65","100997200.9","n/a","1997","Technology","Semiconductors","https://www.nasdaq.com/symbol/emkr",
"DAVA","Endava plc","27.5","1458411350","n/a","2018","Technology","EDP Services","https://www.nasdaq.com/symbol/dava",
"EIGI","Endurance International Group Holdings, Inc.","7.25","1043902139.5","n/a","2013","Technology","Computer Software: Prepackaged Software","https://www.nasdaq.com/symbol/eigi",
"WATT","Energous Corporation","6.34","169173123.72","n/a","2014","Technology","Radio And Television Broadcasting And Communications Equipment","https://www.nasdaq.com/symbol/watt",
"ERII","Energy Recovery, Inc.","8.73","472354633.8","n/a","2008","Technology","Industrial Machinery/Components","https://www.nasdaq.com/symbol/erii",
"ENPH","Enphase Energy, Inc.","9.23","1001635889.54","n/a","2012","Technology","Semiconductors","https://www.nasdaq.com/symbol/enph",
"EPAM","EPAM Systems, Inc.","169.13","9163031103.72","n/a","2012","Technology","EDP Services","https://www.nasdaq.com/symbol/epam",
"PLUS","ePlus inc.","88.54","1205137861.5","n/a","1996","Technology","Retail: Computer Software & Peripheral Equipment","https://www.nasdaq.com/symbol/plus",
"ERIC","Ericsson","9.18","2869331663.16","312563362","n/a","Technology","Radio And Television Broadcasting And Communications Equipment","https://www.nasdaq.com/symbol/eric",
"EB","Eventbrite, Inc.","19.17","1506840232.77","n/a","2018","Technology","Computer Software: Programming, Data Processing","https://www.nasdaq.com/symbol/eb",
"EVBG","Everbridge, Inc.","75.01","2460918778.76","n/a","2016","Technology","Computer Software: Prepackaged Software","https://www.nasdaq.com/symbol/evbg",
"EVER","EverQuote, Inc.","7.44","186197851.92","n/a","2018","Technology","Computer Software: Programming, Data Processing","https://www.nasdaq.com/symbol/ever",
"MRAM","Everspin Technologies, Inc.","7.66","130951928.32","n/a","2016","Technology","Semiconductors","https://www.nasdaq.com/symbol/mram",
"EVTC","Evertec, Inc.","27.81","2012851925.1","n/a","2013","Technology","EDP Services","https://www.nasdaq.com/symbol/evtc",
"EVOL","Evolving Systems, Inc.","1.2","14540416.8","n/a","1998","Technology","EDP Services","https://www.nasdaq.com/symbol/evol",
"AQUA","Evoqua Water Technologies Corp.","12.58","1435655288.36","n/a","2017","Technology","Industrial Machinery/Components","https://www.nasdaq.com/symbol/aqua",
"EXTN","Exterran Corporation","16.85","608992396.7","n/a","2015","Technology","Diversified Commercial Services","https://www.nasdaq.com/symbol/extn",
"EXTR","Extreme Networks, Inc.","7.49","874529546.31","n/a","1999","Technology","Computer Communications Equipment","https://www.nasdaq.com/symbol/extr",
"FFIV","F5 Networks, Inc.","156.93","9328128387.69","n/a","1999","Technology","Computer Communications Equipment","https://www.nasdaq.com/symbol/ffiv",
"FB","Facebook, Inc.","166.69","475731559762","n/a","2012","Technology","Computer Software: Programming, Data Processing","https://www.nasdaq.com/symbol/fb",
"FDS","FactSet Research Systems Inc.","248.27","9443066136.9","n/a","1996","Technology","Computer Software: Programming, Data Processing","https://www.nasdaq.com/symbol/fds",
"SFUN","Fang Holdings Limited","1.35","603213075","n/a","2010","Technology","EDP Services","https://www.nasdaq.com/symbol/sfun",
"FNSR","Finisar Corporation","23.17","2731820665.84","n/a","1999","Technology","Semiconductors","https://www.nasdaq.com/symbol/fnsr",
"FEYE","FireEye, Inc.","16.79","3409940032.9","n/a","2013","Technology","Computer peripheral equipment","https://www.nasdaq.com/symbol/feye",
"FSLR","First Solar, Inc.","52.84","5542629184.48","n/a","2006","Technology","Semiconductors","https://www.nasdaq.com/symbol/fslr",
"FISV","Fiserv, Inc.","88.28","34603055453.92","n/a","1986","Technology","EDP Services","https://www.nasdaq.com/symbol/fisv",
"FIT","Fitbit, Inc.","5.92","1496140447.84","n/a","2015","Technology","Computer Manufacturing","https://www.nasdaq.com/symbol/fit",
"FIVN","Five9, Inc.","52.83","3130338525.84","n/a","2014","Technology","EDP Services","https://www.nasdaq.com/symbol/fivn",
"FLEX","Flex Ltd.","10","5214175290","n/a","1994","Technology","Electrical Products","https://www.nasdaq.com/symbol/flex",
"FPAY","FlexShopper, Inc.","0.819","14468612.067","n/a","n/a","Technology","Diversified Commercial Services","https://www.nasdaq.com/symbol/fpay",
"FPAYW","FlexShopper, Inc.","0.28","0","n/a","n/a","Technology","Diversified Commercial Services","https://www.nasdaq.com/symbol/fpayw",
"FSCT","ForeScout Technologies, Inc.","41.91","1865977286.58","n/a","2017","Technology","Computer peripheral equipment","https://www.nasdaq.com/symbol/fsct",
"FRSX","Foresight Autonomous Holdings Ltd.","1.3499","2247602.3986","1665014","n/a","Technology","Computer Software: Prepackaged Software","https://www.nasdaq.com/symbol/frsx",
"FORM","FormFactor, Inc.","16.09","1198358180.05","n/a","2003","Technology","Semiconductors","https://www.nasdaq.com/symbol/form",
"FORTY","Formula Systems (1985) Ltd.","42","6475854","154187","n/a","Technology","EDP Services","https://www.nasdaq.com/symbol/forty",
"FTNT","Fortinet, Inc.","83.97","14328109353.87","n/a","2009","Technology","Computer peripheral equipment","https://www.nasdaq.com/symbol/ftnt",
"FTEO","FRONTEO, Inc.","9.5","497705","52390","2013","Technology","EDP Services","https://www.nasdaq.com/symbol/fteo",
"FSNN","Fusion Connect, Inc.","1.31","107567990.7","n/a","n/a","Technology","Computer Software: Prepackaged Software","https://www.nasdaq.com/symbol/fsnn",
"GDI","Gardner Denver Holdings, Inc.","27.81","5573370619.08","n/a","2017","Technology","Industrial Machinery/Components","https://www.nasdaq.com/symbol/gdi",
"GTES","Gates Industrial Corporation plc","14.34","4157035964.88","n/a","2018","Technology","Industrial Machinery/Components","https://www.nasdaq.com/symbol/gtes",
"GDS","GDS Holdings Limited","35.69","1911553366.35","53559915","2016","Technology","Computer Software: Programming, Data Processing","https://www.nasdaq.com/symbol/gds",
"JOB","GEE Group Inc.","1.2","14065160.4","n/a","n/a","Technology","Diversified Commercial Services","https://www.nasdaq.com/symbol/job",
"GFN","General Finance Corporation","9.33","282790629.93","n/a","n/a","Technology","Diversified Commercial Services","https://www.nasdaq.com/symbol/gfn",
"GFNCP","General Finance Corporation","101.892","40766989.2","n/a","n/a","Technology","Diversified Commercial Services","https://www.nasdaq.com/symbol/gfncp",
"GFNSL","General Finance Corporation","25.8892","0","n/a","n/a","Technology","Diversified Commercial Services","https://www.nasdaq.com/symbol/gfnsl",
"GIGM","GigaMedia Limited","2.67","29509467.45","n/a","n/a","Technology","Computer Software: Programming, Data Processing","https://www.nasdaq.com/symbol/gigm",
"GILT","Gilat Satellite Networks Ltd.","8.4","464035773.6","n/a","n/a","Technology","Radio And Television Broadcasting And Communications Equipment","https://www.nasdaq.com/symbol/gilt",
"GSB","GlobalSCAPE, Inc.","6.34","109227047.94","n/a","n/a","Technology","Computer Software: Prepackaged Software","https://www.nasdaq.com/symbol/gsb",
"GLOB","Globant S.A.","71.4","2563260000","n/a","2014","Technology","EDP Services","https://www.nasdaq.com/symbol/glob",
"GLUU","Glu Mobile Inc.","10.94","1576677263.52","n/a","2007","Technology","EDP Services","https://www.nasdaq.com/symbol/gluu",
"GDDY","GoDaddy Inc.","75.19","13185035535.22","n/a","2015","Technology","EDP Services","https://www.nasdaq.com/symbol/gddy",
"GHM","Graham Corporation","19.63","193043029.66","n/a","n/a","Technology","Industrial Machinery/Components","https://www.nasdaq.com/symbol/ghm",
"GEC","Great Elm Capital Group, Inc. ","4.25","110511963.75","n/a","n/a","Technology","Computer Software: Prepackaged Software","https://www.nasdaq.com/symbol/gec",
"GRNQ","Greenpro Capital Corp.","2.02","110524879.74","n/a","n/a","Technology","EDP Services","https://www.nasdaq.com/symbol/grnq",
"GSUM","Gridsum Holding Inc.","2.96","46978222.16","15871021","2016","Technology","Computer Software: Prepackaged Software","https://www.nasdaq.com/symbol/gsum",
"GRPN","Groupon, Inc.","3.55","2024616553.1","n/a","2011","Technology","Advertising","https://www.nasdaq.com/symbol/grpn",
"GVP","GSE Systems, Inc.","2.8","55532688.4","n/a","n/a","Technology","Computer Software: Prepackaged Software","https://www.nasdaq.com/symbol/gvp",
"GSIT","GSI Technology, Inc.","7.77","171282524.91","n/a","2007","Technology","Semiconductors","https://www.nasdaq.com/symbol/gsit",
"GTYH","GTY Technology Holdings, Inc.","8.8","426980356","n/a","2016","Technology","EDP Services","https://www.nasdaq.com/symbol/gtyh",
"GTYHW","GTY Technology Holdings, Inc.","0.603","0","n/a","2016","Technology","EDP Services","https://www.nasdaq.com/symbol/gtyhw",
"GWRE","Guidewire Software, Inc.","97.16","7910250600.28","n/a","2012","Technology","Computer Software: Prepackaged Software","https://www.nasdaq.com/symbol/gwre",
"HLIT","Harmonic Inc.","5.42","480638554","n/a","1995","Technology","Radio And Television Broadcasting And Communications Equipment","https://www.nasdaq.com/symbol/hlit",
"HHS","Harte-Hanks, Inc.","3.57","22370084.1","n/a","1993","Technology","Advertising","https://www.nasdaq.com/symbol/hhs",
"HSTM","HealthStream, Inc.","28.06","907163216.54","n/a","2000","Technology","Computer Software: Programming, Data Processing","https://www.nasdaq.com/symbol/hstm",
"HSII","Heidrick & Struggles International, Inc.","38.33","727669905.52","n/a","1999","Technology","Diversified Commercial Services","https://www.nasdaq.com/symbol/hsii",
"HPE","Hewlett Packard Enterprise Company","15.43","21144936968.41","n/a","2015","Technology","Computer Manufacturing","https://www.nasdaq.com/symbol/hpe",
"HIMX","Himax Technologies, Inc.","3.19","344833666.32","108098328","2006","Technology","Semiconductors","https://www.nasdaq.com/symbol/himx",
"HPQ","HP Inc.","19.43","29795940343.17","n/a","n/a","Technology","Computer Manufacturing","https://www.nasdaq.com/symbol/hpq",
"HMI","Huami Corporation","13.09","777992578.44","n/a","2018","Technology","Computer Manufacturing","https://www.nasdaq.com/symbol/hmi",
"HUBS","HubSpot, Inc.","166.21","6584080054.2","n/a","2014","Technology","Computer Software: Prepackaged Software","https://www.nasdaq.com/symbol/hubs",
"HSON","Hudson Global, Inc.","1.52","44671086.96","n/a","n/a","Technology","Professional Services","https://www.nasdaq.com/symbol/hson",
"HUYA","HUYA Inc.","28.13","5732811241.54","n/a","2018","Technology","Computer Software: Programming, Data Processing","https://www.nasdaq.com/symbol/huya",
"ICHR","Ichor Holdings","22.58","505095068.3","n/a","2016","Technology","Semiconductors","https://www.nasdaq.com/symbol/ichr",
"ICLK","iClick Interactive Asia Group Limited","3.56","64398662.72","18089512","2017","Technology","Computer Software: Prepackaged Software","https://www.nasdaq.com/symbol/iclk",
"INVE","Identiv, Inc.","5.04","82781551.44","n/a","n/a","Technology","Computer peripheral equipment","https://www.nasdaq.com/symbol/inve",
"IEC","IEC Electronics Corp.","6.85","70275273.4","n/a","n/a","Technology","Electrical Products","https://www.nasdaq.com/symbol/iec",
"INFO","IHS Markit Ltd.","54.38","21738314511.68","n/a","1996","Technology","Computer Software: Programming, Data Processing","https://www.nasdaq.com/symbol/info",
"ITW","Illinois Tool Works Inc.","143.53","46922614601.48","n/a","n/a","Technology","Industrial Machinery/Components","https://www.nasdaq.com/symbol/itw",
"IMMR","Immersion Corporation","8.43","260104025.1","n/a","1999","Technology","Computer peripheral equipment","https://www.nasdaq.com/symbol/immr",
"INFY","Infosys Limited","10.93","47427518366.58","n/a","n/a","Technology","EDP Services","https://www.nasdaq.com/symbol/infy",
"INOD","Innodata Inc.","1.27","32959616.58","n/a","1993","Technology","EDP Services","https://www.nasdaq.com/symbol/inod",
"ISSC","Innovative Solutions and Support, Inc.","3.01","50891526.84","n/a","2000","Technology","EDP Services","https://www.nasdaq.com/symbol/issc",
"INOV","Inovalon Holdings, Inc.","12.43","1897497833.99","n/a","2015","Technology","EDP Services","https://www.nasdaq.com/symbol/inov",
"IPHI","Inphi Corporation","43.74","1945937968.74","n/a","2010","Technology","Semiconductors","https://www.nasdaq.com/symbol/iphi",
"INPX","Inpixon ","0.8148","5682025.7256","n/a","2014","Technology","EDP Services","https://www.nasdaq.com/symbol/inpx",
"NSP","Insperity, Inc.","123.66","5062344357.96","n/a","n/a","Technology","Professional Services","https://www.nasdaq.com/symbol/nsp",
"INSE","Inspired Entertainment, Inc.","6.665","152082443.215","n/a","2014","Technology","Computer Software: Prepackaged Software","https://www.nasdaq.com/symbol/inse",
"INST","Instructure, Inc.","47.12","1687247562.32","n/a","2015","Technology","Computer Software: Prepackaged Software","https://www.nasdaq.com/symbol/inst",
"INTC","Intel Corporation","53.7","241488900000","n/a","n/a","Technology","Semiconductors","https://www.nasdaq.com/symbol/intc",
"IDN","Intellicheck, Inc.","3.53","55204840.45","n/a","1999","Technology","Computer Software: Prepackaged Software","https://www.nasdaq.com/symbol/idn",
"INS","Intelligent Systems Corporation","31.94","282700556.72","n/a","1992","Technology","Computer Software: Prepackaged Software","https://www.nasdaq.com/symbol/ins",
"IMI","Intermolecular, Inc.","1.15","57221957.6","n/a","2011","Technology","Semiconductors","https://www.nasdaq.com/symbol/imi",
"INAP","Internap Corporation","4.96","125969744.96","n/a","1999","Technology","Computer Software: Programming, Data Processing","https://www.nasdaq.com/symbol/inap",
"IBM","International Business Machines Corporation","141.1","125560128721.6","n/a","n/a","Technology","Computer Manufacturing","https://www.nasdaq.com/symbol/ibm",
"IIJI","Internet Initiative Japan, Inc.","10","16751820","1675182","n/a","Technology","Computer Software: Programming, Data Processing","https://www.nasdaq.com/symbol/iiji",
"IPG","Interpublic Group of Companies, Inc. (The)","21.01","8087012192.27","n/a","n/a","Technology","Advertising","https://www.nasdaq.com/symbol/ipg",
"INXN","InterXion Holding N.V.","66.73","4782739290","n/a","2011","Technology","Computer Software: Programming, Data Processing","https://www.nasdaq.com/symbol/inxn",
"IVAC","Intevac, Inc.","6.13","140450057.34","n/a","1995","Technology","Industrial Machinery/Components","https://www.nasdaq.com/symbol/ivac",
"INTU","Intuit Inc.","261.41","67724271361.54","n/a","1993","Technology","Computer Software: Prepackaged Software","https://www.nasdaq.com/symbol/intu",
"IPGP","IPG Photonics Corporation","151.78","8038573726.02","n/a","2006","Technology","Semiconductors","https://www.nasdaq.com/symbol/ipgp",
"JCOM","j2 Global, Inc.","86.6","4221919649.4","n/a","1999","Technology","Telecommunications Equipment","https://www.nasdaq.com/symbol/jcom",
"JBL","Jabil Inc.","26.59","4113875253.52","n/a","1993","Technology","Electrical Products","https://www.nasdaq.com/symbol/jbl",
"JKHY","Jack Henry & Associates, Inc.","138.74","10707483010.14","n/a","1985","Technology","EDP Services","https://www.nasdaq.com/symbol/jkhy",
"JT","Jianpu Technology Inc.","5.01","841767429.51","n/a","2017","Technology","Computer Software: Programming, Data Processing","https://www.nasdaq.com/symbol/jt",
"JKS","JinkoSolar Holding Company Limited","18","705891312","n/a","2010","Technology","Semiconductors","https://www.nasdaq.com/symbol/jks",
"JMU","JMU Limited","1.66","4255632.44","2563634","2015","Technology","EDP Services","https://www.nasdaq.com/symbol/jmu",
"JBT","John Bean Technologies Corporation","91.89","2896591222.53","n/a","n/a","Technology","Industrial Machinery/Components","https://www.nasdaq.com/symbol/jbt",
"JNPR","Juniper Networks, Inc.","26.47","9209507516.2","n/a","1999","Technology","Computer Communications Equipment","https://www.nasdaq.com/symbol/jnpr",
"KAI","Kadant Inc","87.96","982902950.76","n/a","n/a","Technology","Industrial Machinery/Components","https://www.nasdaq.com/symbol/kai",
"KELYA","Kelly Services, Inc.","22.06","857517908.32","n/a","n/a","Technology","Professional Services","https://www.nasdaq.com/symbol/kelya",
"KELYB","Kelly Services, Inc.","23.4","909606484.8","n/a","n/a","Technology","Professional Services","https://www.nasdaq.com/symbol/kelyb",
"KTCC","Key Tronic Corporation","6.17","66387225.6","n/a","1983","Technology","Computer peripheral equipment","https://www.nasdaq.com/symbol/ktcc",
"KFRC","Kforce, Inc.","35.12","908774848.24","n/a","1995","Technology","Professional Services","https://www.nasdaq.com/symbol/kfrc",
"KE","Kimball Electronics, Inc.","15.49","395701700.27","n/a","n/a","Technology","Electrical Products","https://www.nasdaq.com/symbol/ke",
"KOPN","Kopin Corporation","1.34","111963417.26","n/a","1992","Technology","Semiconductors","https://www.nasdaq.com/symbol/kopn",
"KFY","Korn Ferry ","44.78","2526910144.08","n/a","1999","Technology","Diversified Commercial Services","https://www.nasdaq.com/symbol/kfy",
"KLIC","Kulicke and Soffa Industries, Inc.","22.11","1462370103.15","n/a","n/a","Technology","Semiconductors","https://www.nasdaq.com/symbol/klic",
"KVHI","KVH Industries, Inc.","10.19","180811064.49","n/a","1996","Technology","Radio And Television Broadcasting And Communications Equipment","https://www.nasdaq.com/symbol/kvhi",
"LLL","L3 Technologies, Inc.","206.37","16379245357.65","n/a","n/a","Technology","Radio And Television Broadcasting And Communications Equipment","https://www.nasdaq.com/symbol/lll",
"LRCX","Lam Research Corporation","179.01","27315754200.54","n/a","1984","Technology","Industrial Machinery/Components","https://www.nasdaq.com/symbol/lrcx",
"LTRX","Lantronix, Inc.","3.02","67083921.38","n/a","2000","Technology","Computer Communications Equipment","https://www.nasdaq.com/symbol/ltrx",
"LSCC","Lattice Semiconductor Corporation","11.93","1572966658.54","n/a","n/a","Technology","Semiconductors","https://www.nasdaq.com/symbol/lscc",
"LEAF","Leaf Group Ltd.","8.02","204824985.5","n/a","n/a","Technology","EDP Services","https://www.nasdaq.com/symbol/leaf",
"LDOS","Leidos Holdings, Inc.","64.09","9205107176.07","n/a","n/a","Technology","EDP Services","https://www.nasdaq.com/symbol/ldos",
"LTRPA","Liberty TripAdvisor Holdings, Inc.","14.19","1065338089.2","n/a","n/a","Technology","EDP Services","https://www.nasdaq.com/symbol/ltrpa",
"LTRPB","Liberty TripAdvisor Holdings, Inc.","14.35","1077350358","n/a","n/a","Technology","EDP Services","https://www.nasdaq.com/symbol/ltrpb",
"LPTH","LightPath Technologies, Inc.","1.5","38717451","n/a","1996","Technology","Semiconductors","https://www.nasdaq.com/symbol/lpth",
"LECO","Lincoln Electric Holdings, Inc.","83.87","5291951847.99","n/a","n/a","Technology","Industrial Machinery/Components","https://www.nasdaq.com/symbol/leco",
"LN","LINE Corporation","35.21","8390395963.04","n/a","2016","Technology","Computer Software: Programming, Data Processing","https://www.nasdaq.com/symbol/ln",
"LIQT","LiqTech International, Inc.","2.15","156746926.05","n/a","n/a","Technology","Industrial Machinery/Components","https://www.nasdaq.com/symbol/liqt",
"LPSN","LivePerson, Inc.","29.02","1855440857.5","n/a","2000","Technology","Computer Software: Prepackaged Software","https://www.nasdaq.com/symbol/lpsn",
"RAMP","LiveRamp Holdings, Inc.","54.57","3739577543.88","n/a","n/a","Technology","EDP Services","https://www.nasdaq.com/symbol/ramp",
"LOGI","Logitech International S.A.","39.34","6520668022.68","n/a","1997","Technology","Computer peripheral equipment","https://www.nasdaq.com/symbol/logi",
"LOGM","LogMein, Inc.","80.1","4072243709.7","n/a","2009","Technology","Computer Software: Prepackaged Software","https://www.nasdaq.com/symbol/logm",
"LORL","Loral Space and Communications, Inc.","36.05","772446161.9","n/a","n/a","Technology","Radio And Television Broadcasting And Communications Equipment","https://www.nasdaq.com/symbol/lorl",
"LKCO","Luokung Technology Corp","7.45","10467250","n/a","n/a","Technology","EDP Services","https://www.nasdaq.com/symbol/lkco",
"LXFT","Luxoft Holding, Inc.","58.71","1995723687.39","n/a","2013","Technology","EDP Services","https://www.nasdaq.com/symbol/lxft",
"MTSI","MACOM Technology Solutions Holdings, Inc.","16.71","1092588997.98","n/a","2012","Technology","Semiconductors","https://www.nasdaq.com/symbol/mtsi",
"MGIC","Magic Software Enterprises Ltd.","8.36","408729077.68","n/a","1991","Technology","Computer Software: Prepackaged Software","https://www.nasdaq.com/symbol/mgic",
"MX","MagnaChip Semiconductor Corporation","7.4","252276197.2","n/a","2011","Technology","Semiconductors","https://www.nasdaq.com/symbol/mx",
"MJCO","Majesco","7.05","301725794.25","n/a","n/a","Technology","Computer Software: Prepackaged Software","https://www.nasdaq.com/symbol/mjco",
"MAMS","MAM Software Group, Inc.","8.51","107265741.7","n/a","n/a","Technology","Computer Software: Prepackaged Software","https://www.nasdaq.com/symbol/mams",
"MANH","Manhattan Associates, Inc.","55.11","3559770324.99","n/a","1998","Technology","Computer Software: Prepackaged Software","https://www.nasdaq.com/symbol/manh",
"MNTX","Manitex International, Inc.","7.65","150531291.45","n/a","n/a","Technology","Industrial Machinery/Components","https://www.nasdaq.com/symbol/mntx",
"MAN","ManpowerGroup","82.69","4964689077.44","n/a","n/a","Technology","Professional Services","https://www.nasdaq.com/symbol/man",
"MRIN","Marin Software Incorporated","4.57","27207956.57","n/a","n/a","Technology","EDP Services","https://www.nasdaq.com/symbol/mrin",
"MRVL","Marvell Technology Group Ltd.","19.89","13109499000","n/a","2000","Technology","Semiconductors","https://www.nasdaq.com/symbol/mrvl",
"MTCH","Match Group, Inc.","56.61","15762993021.54","n/a","2015","Technology","Computer Software: Programming, Data Processing","https://www.nasdaq.com/symbol/mtch",
"MTLS","Materialise NV","15.74","266636701.8","16940070","2014","Technology","Computer Software: Prepackaged Software","https://www.nasdaq.com/symbol/mtls",
"MAXR","Maxar Technologies Inc.","4.02","239509670.4","n/a","n/a","Technology","Radio And Television Broadcasting And Communications Equipment","https://www.nasdaq.com/symbol/maxr",
"MXIM","Maxim Integrated Products, Inc.","53.17","14536589737.8","n/a","1988","Technology","Semiconductors","https://www.nasdaq.com/symbol/mxim",
"MXL","MaxLinear, Inc","25.53","1775798507.25","n/a","2010","Technology","Semiconductors","https://www.nasdaq.com/symbol/mxl",
"MGRC","McGrath RentCorp","56.57","1367993898.97","n/a","1984","Technology","Diversified Commercial Services","https://www.nasdaq.com/symbol/mgrc",
"MDCA","MDC Partners Inc.","2.25","161760462.75","n/a","n/a","Technology","Advertising","https://www.nasdaq.com/symbol/mdca",
"MDSO","Medidata Solutions, Inc.","73.24","4561164916.6","n/a","2009","Technology","Computer Software: Prepackaged Software","https://www.nasdaq.com/symbol/mdso",
"MLNX","Mellanox Technologies, Ltd.","118.36","6452503817.76","n/a","2007","Technology","Semiconductors","https://www.nasdaq.com/symbol/mlnx",
"MFGP","Micro Focus Intl PLC","25.79","10587009211.74","n/a","2017","Technology","Computer Software: Prepackaged Software","https://www.nasdaq.com/symbol/mfgp",
"MCHP","Microchip Technology Incorporated","82.96","19658944340.88","n/a","1993","Technology","Semiconductors","https://www.nasdaq.com/symbol/mchp",
"MU","Micron Technology, Inc.","41.33","45739374164.63","n/a","n/a","Technology","Semiconductors","https://www.nasdaq.com/symbol/mu",
"MSFT","Microsoft Corporation","117.94","904860853821.24","n/a","1986","Technology","Computer Software: Prepackaged Software","https://www.nasdaq.com/symbol/msft",
"MSTR","MicroStrategy Incorporated","144.25","1482450470.25","n/a","1998","Technology","Computer Software: Prepackaged Software","https://www.nasdaq.com/symbol/mstr",
"MCRN","Milacron Holdings Corp.","11.32","794298567.76","n/a","2015","Technology","Industrial Machinery/Components","https://www.nasdaq.com/symbol/mcrn",
"MIME","Mimecast Limited","47.35","2860973271.7","n/a","2015","Technology","Computer Software: Prepackaged Software","https://www.nasdaq.com/symbol/mime",
"MNDO","MIND C.T.I. Ltd.","2.14","41619186.52","n/a","n/a","Technology","EDP Services","https://www.nasdaq.com/symbol/mndo",
"MIND","Mitcham Industries, Inc.","3.93","47629238.07","n/a","1994","Technology","Diversified Commercial Services","https://www.nasdaq.com/symbol/mind",
"MINDP","Mitcham Industries, Inc.","24.5616","19600156.8","n/a","n/a","Technology","Diversified Commercial Services","https://www.nasdaq.com/symbol/mindp",
"MITK","Mitek Systems, Inc.","12.24","474112617.84","n/a","n/a","Technology","Computer peripheral equipment","https://www.nasdaq.com/symbol/mitk",
"MIXT","MiX Telematics Limited","16.67","379913300.8","n/a","2013","Technology","Computer Software: Prepackaged Software","https://www.nasdaq.com/symbol/mixt",
"MOBL","MobileIron, Inc.","5.47","584158628.96","n/a","2014","Technology","Computer Software: Prepackaged Software","https://www.nasdaq.com/symbol/mobl",
"MODN","Model N, Inc.","17.54","553256011.28","n/a","2013","Technology","Computer Software: Programming, Data Processing","https://www.nasdaq.com/symbol/modn",
"MOMO","Momo Inc.","38.24","5997694713.44","156843481","2014","Technology","Computer Software: Prepackaged Software","https://www.nasdaq.com/symbol/momo",
"MDB","MongoDB, Inc.","147.02","7986392506.2","n/a","2017","Technology","Computer Software: Prepackaged Software","https://www.nasdaq.com/symbol/mdb",
"MPWR","Monolithic Power Systems, Inc.","135.49","5814688840","n/a","2004","Technology","Semiconductors","https://www.nasdaq.com/symbol/mpwr",
"TYPE","Monotype Imaging Holdings Inc.","19.89","816993067.41","n/a","2007","Technology","EDP Services","https://www.nasdaq.com/symbol/type",
"MOSY","MoSys, Inc.","0.175","7546302.75","n/a","2001","Technology","Semiconductors","https://www.nasdaq.com/symbol/mosy",
"MSI","Motorola Solutions, Inc.","140.42","23010806260.96","n/a","n/a","Technology","Radio And Television Broadcasting And Communications Equipment","https://www.nasdaq.com/symbol/msi",
"MOXC","Moxian, Inc.","0.85","57253621.7","n/a","n/a","Technology","Computer Software: Programming, Data Processing","https://www.nasdaq.com/symbol/moxc",
"MTBC","MTBC, Inc.","4.41","52962962.22","n/a","2014","Technology","Computer Software: Prepackaged Software","https://www.nasdaq.com/symbol/mtbc",
"MTBCP","MTBC, Inc.","26.7501","57845726.9949","n/a","n/a","Technology","Computer Software: Prepackaged Software","https://www.nasdaq.com/symbol/mtbcp",
"MTEC","MTech Acquisition Corp.","10.0965","75029615.625","n/a","2018","Technology","EDP Services","https://www.nasdaq.com/symbol/mtec",
"MTECU","MTech Acquisition Corp.","10.82","0","n/a","2018","Technology","EDP Services","https://www.nasdaq.com/symbol/mtecu",
"MTECW","MTech Acquisition Corp.","0.64","0","n/a","2018","Technology","EDP Services","https://www.nasdaq.com/symbol/mtecw",
"MYSZ","My Size, Inc.","0.7801","23287848.6589","n/a","n/a","Technology","Computer Software: Prepackaged Software","https://www.nasdaq.com/symbol/mysz",
"NNDM","Nano Dimension Ltd.","0.7099","6089401.517","8577830","n/a","Technology","Electrical Products","https://www.nasdaq.com/symbol/nndm",
"NH","NantHealth, Inc.","0.92","100731974.84","n/a","2016","Technology","EDP Services","https://www.nasdaq.com/symbol/nh",
"NATI","National Instruments Corporation","44.36","5866232141.52","n/a","1995","Technology","Computer Software: Prepackaged Software","https://www.nasdaq.com/symbol/nati",
"NPTN","NeoPhotonics Corporation","6.29","292023766.88","n/a","2011","Technology","Semiconductors","https://www.nasdaq.com/symbol/nptn",
"NETE","Net Element, Inc.","5.9","22791812.1","n/a","n/a","Technology","EDP Services","https://www.nasdaq.com/symbol/nete",
"NTAP","NetApp, Inc.","69.34","17125230343.78","n/a","1995","Technology","Electronic Components","https://www.nasdaq.com/symbol/ntap",
"NTCT","NetScout Systems, Inc.","28.07","2184738233.02","n/a","1999","Technology","EDP Services","https://www.nasdaq.com/symbol/ntct",
"NTWK","NetSol Technologies Inc.","6.51","77210618.1","n/a","n/a","Technology","Computer Software: Prepackaged Software","https://www.nasdaq.com/symbol/ntwk",
"NEWR","New Relic, Inc.","98.7","5660589694.2","n/a","2014","Technology","Computer Software: Prepackaged Software","https://www.nasdaq.com/symbol/newr",
"NXGN","NextGen Healthcare, Inc.","16.83","1088849045.79","n/a","n/a","Technology","EDP Services","https://www.nasdaq.com/symbol/nxgn",
"NICE","NICE Ltd","122.51","5140778218.61","41962111","n/a","Technology","Computer Manufacturing","https://www.nasdaq.com/symbol/nice",
"LASR","nLIGHT, Inc.","22.28","818764600.8","n/a","2018","Technology","Semiconductors","https://www.nasdaq.com/symbol/lasr",
"NOK","Nokia Corporation","5.72","31986418006.4","n/a","1994","Technology","Radio And Television Broadcasting And Communications Equipment","https://www.nasdaq.com/symbol/nok",
"NUAN","Nuance Communications, Inc.","16.93","4832127823.52","n/a","n/a","Technology","Computer Software: Prepackaged Software","https://www.nasdaq.com/symbol/nuan",
"NTNX","Nutanix, Inc.","37.74","6872435054.52","n/a","2016","Technology","Computer Software: Prepackaged Software","https://www.nasdaq.com/symbol/ntnx",
"NVEC","NVE Corporation","97.89","474375918.9","n/a","n/a","Technology","Semiconductors","https://www.nasdaq.com/symbol/nvec",
"NVT","nVent Electric plc","26.98","4791955086.36","n/a","2018","Technology","Industrial Machinery/Components","https://www.nasdaq.com/symbol/nvt",
"NVDA","NVIDIA Corporation","179.56","108813360000","n/a","1999","Technology","Semiconductors","https://www.nasdaq.com/symbol/nvda",
"NXPI","NXP Semiconductors N.V.","88.39","25879681406.22","n/a","2010","Technology","Semiconductors","https://www.nasdaq.com/symbol/nxpi",
"OIIM","O2Micro International Limited","1.71","57068671.32","33373492","n/a","Technology","Semiconductors","https://www.nasdaq.com/symbol/oiim",
"OKTA","Okta, Inc.","82.73","9284400309.95","n/a","2017","Technology","Computer Software: Prepackaged Software","https://www.nasdaq.com/symbol/okta",
"OMCL","Omnicell, Inc.","80.84","3298204902.8","n/a","2001","Technology","Computer Manufacturing","https://www.nasdaq.com/symbol/omcl",
"OMC","Omnicom Group Inc.","72.99","16327191346.02","n/a","n/a","Technology","Advertising","https://www.nasdaq.com/symbol/omc",
"ON","ON Semiconductor Corporation","20.57","8427742228.62","n/a","n/a","Technology","Semiconductors","https://www.nasdaq.com/symbol/on",
"OTIV","On Track Innovations Ltd","0.6376","26329294.7752","n/a","n/a","Technology","Semiconductors","https://www.nasdaq.com/symbol/otiv",
"OSS","One Stop Systems, Inc.","2.04","29111346.72","n/a","2018","Technology","Computer Manufacturing","https://www.nasdaq.com/symbol/oss",
"OSPN","OneSpan Inc.","19.22","772861070.68","n/a","n/a","Technology","EDP Services","https://www.nasdaq.com/symbol/ospn",
"OOMA","Ooma, Inc.","13.24","266124000","n/a","2015","Technology","EDP Services","https://www.nasdaq.com/symbol/ooma",
"OTEX","Open Text Corporation","38.43","10328802661.8","n/a","1996","Technology","EDP Services","https://www.nasdaq.com/symbol/otex",
"ORCL","Oracle Corporation","53.71","183562196340","n/a","1986","Technology","Computer Software: Prepackaged Software","https://www.nasdaq.com/symbol/orcl",
"OSIS","OSI Systems, Inc.","87.6","1583055340.8","n/a","1997","Technology","Semiconductors","https://www.nasdaq.com/symbol/osis",
"PFIN","P & F Industries, Inc.","8.17","29262423.64","n/a","n/a","Technology","Industrial Machinery/Components","https://www.nasdaq.com/symbol/pfin",
"PAGS","PagSeguro Digital Ltd.","29.85","9783935126.85","n/a","2018","Technology","EDP Services","https://www.nasdaq.com/symbol/pags",
"PANW","Palo Alto Networks, Inc.","242.88","22765859624.64","n/a","2012","Technology","Computer peripheral equipment","https://www.nasdaq.com/symbol/panw",
"TEUM","Pareteum Corporation","4.55","497768999","n/a","n/a","Technology","EDP Services","https://www.nasdaq.com/symbol/teum",
"PCYG","Park City Group, Inc.","7.99","158628626.05","n/a","n/a","Technology","EDP Services","https://www.nasdaq.com/symbol/pcyg",
"PKE","Park Electrochemical Corporation","15.7","318386705.6","n/a","n/a","Technology","Electrical Products","https://www.nasdaq.com/symbol/pke",
"PAYC","Paycom Software, Inc.","189.13","11059449186.79","n/a","2014","Technology","Computer Software: Prepackaged Software","https://www.nasdaq.com/symbol/payc",
"PCTY","Paylocity Holding Corporation","89.19","4719572688.6","n/a","2014","Technology","Computer Software: Prepackaged Software","https://www.nasdaq.com/symbol/pcty",
"PCTI","PC-Tel, Inc.","5.01","92330858.13","n/a","1999","Technology","Radio And Television Broadcasting And Communications Equipment","https://www.nasdaq.com/symbol/pcti",
"PDFS","PDF Solutions, Inc.","12.35","402557179.05","n/a","2001","Technology","EDP Services","https://www.nasdaq.com/symbol/pdfs",
"PEGA","Pegasystems Inc.","65","5098772120","n/a","1996","Technology","EDP Services","https://www.nasdaq.com/symbol/pega",
"PNR","Pentair plc.","44.51","7641090453.2","n/a","n/a","Technology","Industrial Machinery/Components","https://www.nasdaq.com/symbol/pnr",
"PRFT","Perficient, Inc.","27.39","908659196.28","n/a","1999","Technology","EDP Services","https://www.nasdaq.com/symbol/prft",
"PERI","Perion Network Ltd","2.65","68926423.15","n/a","n/a","Technology","EDP Services","https://www.nasdaq.com/symbol/peri",
"PRSP","Perspecta Inc.","20.22","3306544207.56","n/a","1998","Technology","EDP Services","https://www.nasdaq.com/symbol/prsp",
"PLAB","Photronics, Inc.","9.45","633636722.25","n/a","1987","Technology","Semiconductors","https://www.nasdaq.com/symbol/plab",
"PHUN","Phunware, Inc.","13.69","481905235.71","n/a","2016","Technology","EDP Services","https://www.nasdaq.com/symbol/phun",
"PHUNW","Phunware, Inc.","1.655","0","n/a","2016","Technology","EDP Services","https://www.nasdaq.com/symbol/phunw",
"PT","Pintec Technology Holdings Limited","12.88","54199941.6","4208070","2018","Technology","Computer Software: Programming, Data Processing","https://www.nasdaq.com/symbol/pt",
"PVTL","Pivotal Software, Inc.","20.85","5471671504.8","n/a","2018","Technology","Computer Software: Prepackaged Software","https://www.nasdaq.com/symbol/pvtl",
"PXLW","Pixelworks, Inc.","3.92","147137666.48","n/a","2000","Technology","Semiconductors","https://www.nasdaq.com/symbol/pxlw",
"PLXS","Plexus Corp.","60.95","1884210067.55","n/a","n/a","Technology","Electrical Products","https://www.nasdaq.com/symbol/plxs",
"PS","Pluralsight, Inc.","31.74","4389514087.8","n/a","2018","Technology","Computer Software: Programming, Data Processing","https://www.nasdaq.com/symbol/ps",
"PNTR","Pointer Telocation Ltd.","15.64","127568488.92","n/a","n/a","Technology","Radio And Television Broadcasting And Communications Equipment","https://www.nasdaq.com/symbol/pntr",
"POWI","Power Integrations, Inc.","69.94","2031689298.08","n/a","1997","Technology","Semiconductors","https://www.nasdaq.com/symbol/powi",
"PSDO","Presidio, Inc.","14.8","1222307535.6","n/a","2017","Technology","Retail: Computer Software & Peripheral Equipment","https://www.nasdaq.com/symbol/psdo",
"IPDN","Professional Diversity Network, Inc.","3.21","15590803.08","n/a","2013","Technology","Computer Software: Programming, Data Processing","https://www.nasdaq.com/symbol/ipdn",
"PRGS","Progress Software Corporation","44.37","2003472109.35","n/a","1991","Technology","Computer Software: Prepackaged Software","https://www.nasdaq.com/symbol/prgs",
"PFPT","Proofpoint, Inc.","121.43","6721100956.56","n/a","2012","Technology","EDP Services","https://www.nasdaq.com/symbol/pfpt",
"PRO","PROS Holdings, Inc.","42.24","1591784874.24","n/a","2007","Technology","EDP Services","https://www.nasdaq.com/symbol/pro",
"PTC","PTC Inc.","92.18","10935103229.6","n/a","n/a","Technology","Computer Software: Prepackaged Software","https://www.nasdaq.com/symbol/ptc",
"PSTG","Pure Storage, Inc. ","21.79","5337036793.45","n/a","2015","Technology","Electronic Components","https://www.nasdaq.com/symbol/pstg",
"QTWO","Q2 Holdings, Inc.","69.26","3018448248.82","n/a","2014","Technology","Computer Software: Prepackaged Software","https://www.nasdaq.com/symbol/qtwo",
"QADA","QAD Inc.","43.07","845322658.12","n/a","n/a","Technology","Computer Software: Prepackaged Software","https://www.nasdaq.com/symbol/qada",
"QADB","QAD Inc.","31.75","623148233","n/a","n/a","Technology","Computer Software: Prepackaged Software","https://www.nasdaq.com/symbol/qadb",
"QRVO","Qorvo, Inc.","71.73","8807623767.45","n/a","n/a","Technology","Semiconductors","https://www.nasdaq.com/symbol/qrvo",
"QCOM","QUALCOMM Incorporated","57.03","69023733671.79","n/a","1991","Technology","Radio And Television Broadcasting And Communications Equipment","https://www.nasdaq.com/symbol/qcom",
"QBAK","Qualstar Corporation","5.4796","10936799.3952","n/a","2000","Technology","Electronic Components","https://www.nasdaq.com/symbol/qbak",
"QLYS","Qualys, Inc.","82.74","3230025880.62","n/a","2012","Technology","Computer Software: Prepackaged Software","https://www.nasdaq.com/symbol/qlys",
"QTNA","Quantenna Communications, Inc.","24.33","934491480.93","n/a","2016","Technology","Semiconductors","https://www.nasdaq.com/symbol/qtna",
"QRHC","Quest Resource Holding Corporation","1.65","25292635.5","n/a","n/a","Technology","Diversified Commercial Services","https://www.nasdaq.com/symbol/qrhc",
"QUIK","QuickLogic Corporation","0.6106","59218195.9296","n/a","1999","Technology","Semiconductors","https://www.nasdaq.com/symbol/quik",
"QUMU","Qumu Corporation","2.45","23863960.4","n/a","n/a","Technology","Computer Software: Prepackaged Software","https://www.nasdaq.com/symbol/qumu",
"RDCM","Radcom Ltd.","7.42","101218631.5","n/a","1997","Technology","Computer peripheral equipment","https://www.nasdaq.com/symbol/rdcm",
"RMBS","Rambus, Inc.","10.45","1149818881.75","n/a","1997","Technology","Semiconductors","https://www.nasdaq.com/symbol/rmbs",
"RPD","Rapid7, Inc.","50.61","2428893795.09","n/a","2015","Technology","Computer Software: Prepackaged Software","https://www.nasdaq.com/symbol/rpd",
"RCMT","RCM Technologies, Inc.","3.94","50714584.68","n/a","n/a","Technology","Professional Services","https://www.nasdaq.com/symbol/rcmt",
"RNWK","RealNetworks, Inc.","3.11","117728428","n/a","1997","Technology","EDP Services","https://www.nasdaq.com/symbol/rnwk",
"RP","RealPage, Inc.","60.69","5679986203.5","n/a","2010","Technology","Computer Software: Prepackaged Software","https://www.nasdaq.com/symbol/rp",
"RHT","Red Hat, Inc.","182.7","32294137503.6","n/a","n/a","Technology","Computer Software: Programming, Data Processing","https://www.nasdaq.com/symbol/rht",
"RDVT","Red Violet, Inc.","6.72","68991639.36","n/a","n/a","Technology","Computer Software: Prepackaged Software","https://www.nasdaq.com/symbol/rdvt",
"SOL","Renesola Ltd.","1.6908","64365188.412","n/a","2008","Technology","Semiconductors","https://www.nasdaq.com/symbol/sol",
"RENN","Renren Inc.","1.53","105257665.8","n/a","2011","Technology","EDP Services","https://www.nasdaq.com/symbol/renn",
"RCII","Rent-A-Center Inc.","20.87","1126533715.92","n/a","1995","Technology","Diversified Commercial Services","https://www.nasdaq.com/symbol/rcii",
"RESN","Resonant Inc.","3","83185161","n/a","2014","Technology","Semiconductors","https://www.nasdaq.com/symbol/resn",
"RXN","Rexnord Corporation","25.14","2633934090.72","n/a","2012","Technology","Industrial Machinery/Components","https://www.nasdaq.com/symbol/rxn",
"RBBN","Ribbon Communications Inc. ","5.15","552444898.1","n/a","n/a","Technology","EDP Services","https://www.nasdaq.com/symbol/rbbn",
"RNG","Ringcentral, Inc.","107.8","8758254766.8","n/a","2013","Technology","EDP Services","https://www.nasdaq.com/symbol/rng",
"RHI","Robert Half International Inc.","65.16","7759154408.4","n/a","n/a","Technology","Professional Services","https://www.nasdaq.com/symbol/rhi",
"RST","Rosetta Stone","21.85","516555216.35","n/a","2009","Technology","Computer Software: Prepackaged Software","https://www.nasdaq.com/symbol/rst",
"RBCN","Rubicon Technology, Inc.","8.07","22073443.29","n/a","2007","Technology","Semiconductors","https://www.nasdaq.com/symbol/rbcn",
"RMBL","RumbleOn, Inc.","4.94","97662767.54","n/a","n/a","Technology","EDP Services","https://www.nasdaq.com/symbol/rmbl",
"SABR","Sabre Corporation","21.39","5893551534.84","n/a","2014","Technology","Computer Software: Programming, Data Processing","https://www.nasdaq.com/symbol/sabr",
"SFET","Safe-T Group Ltd.","2.58","1718602.5","666125","2018","Technology","Computer Software: Prepackaged Software","https://www.nasdaq.com/symbol/sfet",
"SAIL","SailPoint Technologies Holdings, Inc.","28.72","2542463302.32","n/a","2017","Technology","Computer Software: Prepackaged Software","https://www.nasdaq.com/symbol/sail",
"CRM","Salesforce.com Inc","158.37","122103270000","n/a","2004","Technology","Computer Software: Prepackaged Software","https://www.nasdaq.com/symbol/crm",
"SANM","Sanmina Corporation","28.85","1974194046.55","n/a","1993","Technology","Electrical Products","https://www.nasdaq.com/symbol/sanm",
"SAP","SAP SE","115.46","137818814913.88","n/a","n/a","Technology","Computer Software: Prepackaged Software","https://www.nasdaq.com/symbol/sap",
"SPNS","Sapiens International Corporation N.V.","15.28","763725021.12","n/a","1992","Technology","Computer Software: Prepackaged Software","https://www.nasdaq.com/symbol/spns",
"SCSC","ScanSource, Inc.","35.82","920657890.44","n/a","n/a","Technology","Retail: Computer Software & Peripheral Equipment","https://www.nasdaq.com/symbol/scsc",
"SAIC","SCIENCE APPLICATIONS INTERNATIONAL CORPORATION","76.95","4540367649.6","n/a","n/a","Technology","EDP Services","https://www.nasdaq.com/symbol/saic",
"SGMS","Scientific Games Corp","20.42","1883721231.12","n/a","n/a","Technology","EDP Services","https://www.nasdaq.com/symbol/sgms",
"SEAC","SeaChange International, Inc.","1.33","48266855.77","n/a","1996","Technology","Radio And Television Broadcasting And Communications Equipment","https://www.nasdaq.com/symbol/seac",
"STX","Seagate Technology PLC","47.89","13373184277.61","n/a","2002","Technology","Electronic Components","https://www.nasdaq.com/symbol/stx",
"SCWX","SecureWorks Corp.","18.4","207495144","n/a","2016","Technology","Computer Software: Prepackaged Software","https://www.nasdaq.com/symbol/scwx",
"SMI","Semiconductor  Manufacturing International Corporation","5.06","5107225141.92","n/a","2004","Technology","Semiconductors","https://www.nasdaq.com/symbol/smi",
"LEDS","SemiLEDS Corporation","3.7","13171685.5","n/a","2010","Technology","Semiconductors","https://www.nasdaq.com/symbol/leds",
"SMTC","Semtech Corporation","50.91","3390533300.52","n/a","n/a","Technology","Semiconductors","https://www.nasdaq.com/symbol/smtc",
"SQNS","Sequans Communications S.A.","1.1017","104206237.8988","n/a","2011","Technology","Semiconductors","https://www.nasdaq.com/symbol/sqns",
"NOW","ServiceNow, Inc.","246.49","44491445000","n/a","2012","Technology","Computer Software: Prepackaged Software","https://www.nasdaq.com/symbol/now",
"SGOC","SGOCO Group, Ltd","1.12","84568176","n/a","2010","Technology","Radio And Television Broadcasting And Communications Equipment","https://www.nasdaq.com/symbol/sgoc",
"SHSP","SharpSpring, Inc.","16.02","138240280.62","n/a","n/a","Technology","Computer Software: Prepackaged Software","https://www.nasdaq.com/symbol/shsp",
"PIXY","ShiftPixy, Inc.","1.35","43358390.1","n/a","2017","Technology","Diversified Commercial Services","https://www.nasdaq.com/symbol/pixy",
"SHOP","Shopify Inc.","206.62","20430015948.66","n/a","2015","Technology","Computer Software: Prepackaged Software","https://www.nasdaq.com/symbol/shop",
"SSTI","ShotSpotter, Inc.","38.6","421197332.8","n/a","2017","Technology","Computer Software: Prepackaged Software","https://www.nasdaq.com/symbol/ssti",
"SSTK","Shutterstock, Inc.","46.63","1635832112.67","n/a","2012","Technology","EDP Services","https://www.nasdaq.com/symbol/sstk",
"SWIR","Sierra Wireless, Inc.","12.37","445635175.23","n/a","n/a","Technology","Radio And Television Broadcasting And Communications Equipment","https://www.nasdaq.com/symbol/swir",
"SIFY","Sify Technologies Limited","1.6319","41608448.2265","25496935","n/a","Technology","Computer Software: Programming, Data Processing","https://www.nasdaq.com/symbol/sify",
"SGMA","SigmaTron International, Inc.","2.91","12309323.28","n/a","1994","Technology","Electrical Products","https://www.nasdaq.com/symbol/sgma",
"SILC","Silicom Ltd","38.25","289139591.25","n/a","n/a","Technology","Computer Communications Equipment","https://www.nasdaq.com/symbol/silc",
"SLAB","Silicon Laboratories, Inc.","80.86","3504170792.2","n/a","2000","Technology","Semiconductors","https://www.nasdaq.com/symbol/slab",
"SIMO","Silicon Motion Technology Corporation","39.64","1430724339.8","36092945","2005","Technology","Semiconductors","https://www.nasdaq.com/symbol/simo",
"SLP","Simulations Plus, Inc.","21.11","368575744.7","n/a","n/a","Technology","EDP Services","https://www.nasdaq.com/symbol/slp",
"SINA","Sina Corporation","59.24","4233910524.32","n/a","n/a","Technology","Computer Software: Prepackaged Software","https://www.nasdaq.com/symbol/sina",
"SWKS","Skyworks Solutions, Inc.","82.48","14356854146.56","n/a","n/a","Technology","Semiconductors","https://www.nasdaq.com/symbol/swks",
"SGH","SMART Global Holdings, Inc.","19.2","440203219.2","n/a","2017","Technology","Semiconductors","https://www.nasdaq.com/symbol/sgh",
"SMAR","Smartsheet Inc.","40.79","1958070963.79","n/a","2018","Technology","Computer Software: Prepackaged Software","https://www.nasdaq.com/symbol/smar",
"SMSI","Smith Micro Software, Inc.","2.8","90063948.8","n/a","1995","Technology","Computer Software: Prepackaged Software","https://www.nasdaq.com/symbol/smsi",
"SMTX","SMTC Corporation","3.78","88276449.24","n/a","2000","Technology","Electrical Products","https://www.nasdaq.com/symbol/smtx",
"SNAP","Snap Inc.","11.02","14557814493.96","n/a","2017","Technology","Computer Software: Programming, Data Processing","https://www.nasdaq.com/symbol/snap",
"SRAX","Social Reality, Inc.","3.4","34453322","n/a","n/a","Technology","Advertising","https://www.nasdaq.com/symbol/srax",
"SCKT","Socket Mobile, Inc.","2","11998318","n/a","n/a","Technology","Computer Manufacturing","https://www.nasdaq.com/symbol/sckt",
"SOGO","Sogou Inc.","5.94","2359167893.28","n/a","2017","Technology","EDP Services","https://www.nasdaq.com/symbol/sogo",
"SOHU","Sohu.com Limited ","16.58","655457770.04","39533038","n/a","Technology","EDP Services","https://www.nasdaq.com/symbol/sohu",
"SEDG","SolarEdge Technologies, Inc.","37.68","1780576915.68","n/a","2015","Technology","Semiconductors","https://www.nasdaq.com/symbol/sedg",
"SWI","SolarWinds Corporation","19.52","6050079044.48","n/a","2018","Technology","Computer Software: Prepackaged Software","https://www.nasdaq.com/symbol/swi",
"ANY","Sphere 3D Corp.","2.4","4713645.6","n/a","n/a","Technology","EDP Services","https://www.nasdaq.com/symbol/any",
"SPI","SPI Energy Co., Ltd.","4.69","34052551.68","n/a","n/a","Technology","Semiconductors","https://www.nasdaq.com/symbol/spi",
"SPLK","Splunk Inc.","124.6","18699283073.8","n/a","2012","Technology","Computer Software: Prepackaged Software","https://www.nasdaq.com/symbol/splk",
"SPSC","SPS Commerce, Inc.","106.06","1883625918.18","n/a","2010","Technology","Computer Software: Prepackaged Software","https://www.nasdaq.com/symbol/spsc",
"SPXC","SPX Corporation","34.79","1526214825.66","n/a","n/a","Technology","Industrial Machinery/Components","https://www.nasdaq.com/symbol/spxc",
"FLOW","SPX FLOW, Inc.","31.9","1356785186.9","n/a","2015","Technology","Industrial Machinery/Components","https://www.nasdaq.com/symbol/flow",
"SQ","Square, Inc.","74.92","31443504972.44","n/a","2015","Technology","Computer Software: Prepackaged Software","https://www.nasdaq.com/symbol/sq",
"SSNC","SS&C Technologies Holdings, Inc.","63.69","16055981183.55","n/a","2010","Technology","Computer Software: Prepackaged Software","https://www.nasdaq.com/symbol/ssnc",
"STAF","Staffing 360 Solutions, Inc.","1.47","12104491.56","n/a","n/a","Technology","Professional Services","https://www.nasdaq.com/symbol/staf",
"SXI","Standex International Corporation","73.4","928741356.8","n/a","n/a","Technology","Industrial Machinery/Components","https://www.nasdaq.com/symbol/sxi",
"SRT","StarTek, Inc.","7.88","295793317.24","n/a","1997","Technology","Professional Services","https://www.nasdaq.com/symbol/srt",
"STM","STMicroelectronics N.V.","14.85","13283791230.6","n/a","n/a","Technology","Semiconductors","https://www.nasdaq.com/symbol/stm",
"STNE","StoneCo Ltd.","41.11","11390476333.19","n/a","2018","Technology","EDP Services","https://www.nasdaq.com/symbol/stne",
"SSYS","Stratasys, Ltd.","23.82","1285718419.68","n/a","1994","Technology","Computer peripheral equipment","https://www.nasdaq.com/symbol/ssys",
"STRM","Streamline Health Solutions, Inc.","1.05","21134088.15","n/a","n/a","Technology","EDP Services","https://www.nasdaq.com/symbol/strm",
"WISA","Summit Wireless Technologies, Inc.","1.99","30578990.73","n/a","2018","Technology","Semiconductors","https://www.nasdaq.com/symbol/wisa",
"SPWR","SunPower Corporation","6.51","920406812.85","n/a","2005","Technology","Semiconductors","https://www.nasdaq.com/symbol/spwr",
"SPCB","SuperCom, Ltd.","1.42","21240841.38","n/a","n/a","Technology","Semiconductors","https://www.nasdaq.com/symbol/spcb",
"SCON","Superconductor Technologies Inc.","1.5","4905913.5","n/a","1993","Technology","Radio And Television Broadcasting And Communications Equipment","https://www.nasdaq.com/symbol/scon",
"SPRT","support.com, Inc.","2.26","42838896.64","n/a","2000","Technology","EDP Services","https://www.nasdaq.com/symbol/sprt",
"SVMK","SVMK Inc.","18.21","2306196290.37","n/a","2018","Technology","Computer Software: Programming, Data Processing","https://www.nasdaq.com/symbol/svmk",
"SWCH","Switch, Inc.","10.31","573005571.5","n/a","2017","Technology","Computer Software: Programming, Data Processing","https://www.nasdaq.com/symbol/swch",
"SYKE","Sykes Enterprises, Incorporated","28.28","1209749000.88","n/a","1996","Technology","EDP Services","https://www.nasdaq.com/symbol/syke",
"SYMC","Symantec Corporation","22.99","14695601657.77","n/a","1989","Technology","Computer Software: Prepackaged Software","https://www.nasdaq.com/symbol/symc",
"SYNC","Synacor, Inc.","1.57","61312710.74","n/a","2012","Technology","Computer Software: Programming, Data Processing","https://www.nasdaq.com/symbol/sync",
"SYNA","Synaptics Incorporated","39.75","1367523781.5","n/a","2002","Technology","Semiconductors","https://www.nasdaq.com/symbol/syna",
"SNCR","Synchronoss Technologies, Inc.","6.08","259522203.84","n/a","2018","Technology","EDP Services","https://www.nasdaq.com/symbol/sncr",
"SNX","Synnex Corporation","95.39","4838180800","n/a","2003","Technology","Retail: Computer Software & Peripheral Equipment","https://www.nasdaq.com/symbol/snx",
"SNPS","Synopsys, Inc.","115.15","17145354133.6","n/a","1992","Technology","Computer Software: Prepackaged Software","https://www.nasdaq.com/symbol/snps",
"DATA","Tableau Software, Inc.","127.28","10957044281.04","n/a","2013","Technology","Computer Software: Prepackaged Software","https://www.nasdaq.com/symbol/data",
"TSM","Taiwan Semiconductor Manufacturing Company Ltd.","40.96","212421672960","n/a","1997","Technology","Semiconductors","https://www.nasdaq.com/symbol/tsm",
"TTWO","Take-Two Interactive Software, Inc.","94.37","10679092089.06","n/a","1997","Technology","Computer Software: Prepackaged Software","https://www.nasdaq.com/symbol/ttwo",
"TLND","Talend S.A.","50.57","1514708595.27","29952711","2016","Technology","Computer Software: Prepackaged Software","https://www.nasdaq.com/symbol/tlnd",
"TAOP","Taoping Inc.","1.02","42595366.26","n/a","n/a","Technology","Computer Software: Prepackaged Software","https://www.nasdaq.com/symbol/taop",
"TRNX","Taronis Technologies, Inc.","0.636","6041126.772","n/a","n/a","Technology","Industrial Machinery/Components","https://www.nasdaq.com/symbol/trnx",
"TECD","Tech Data Corporation","102.41","3779000482.18","n/a","1986","Technology","Retail: Computer Software & Peripheral Equipment","https://www.nasdaq.com/symbol/tecd",
"TCCO","Technical Communications Corporation","3.48","6434607","n/a","n/a","Technology","Radio And Television Broadcasting And Communications Equipment","https://www.nasdaq.com/symbol/tcco",
"TLRA","Telaria, Inc.","6.34","288860055.82","n/a","2013","Technology","Advertising","https://www.nasdaq.com/symbol/tlra",
"TENB","Tenable Holdings, Inc.","31.66","3006281062.12","n/a","2018","Technology","Computer Software: Prepackaged Software","https://www.nasdaq.com/symbol/tenb",
"TNC","Tennant Company","62.09","1125014484.37","n/a","n/a","Technology","Industrial Machinery/Components","https://www.nasdaq.com/symbol/tnc",
"TDC","Teradata Corporation","43.65","5132309032.8","n/a","n/a","Technology","Computer Software: Prepackaged Software","https://www.nasdaq.com/symbol/tdc",
"TXN","Texas Instruments Incorporated","106.07","99559175620.48","n/a","n/a","Technology","Semiconductors","https://www.nasdaq.com/symbol/txn",
"TGH","Textainer Group Holdings Limited","9.65","553930882.6","n/a","2007","Technology","Diversified Commercial Services","https://www.nasdaq.com/symbol/tgh",
"DSGX","The Descartes Systems Group Inc.","36.38","2807129767.48","n/a","n/a","Technology","Computer Software: Prepackaged Software","https://www.nasdaq.com/symbol/dsgx",
"KEYW","The KEYW Holding Corporation","8.62","430755847.12","n/a","2010","Technology","EDP Services","https://www.nasdaq.com/symbol/keyw",
"MIDD","The Middleby Corporation","130.03","7243121683.98","n/a","n/a","Technology","Industrial Machinery/Components","https://www.nasdaq.com/symbol/midd",
"RUBI","The Rubicon Project, Inc.","6.08","314544325.12","n/a","2014","Technology","Computer Software: Programming, Data Processing","https://www.nasdaq.com/symbol/rubi",
"TSG","The Stars Group Inc.","17.51","4783568596.68","n/a","n/a","Technology","Computer Software: Programming, Data Processing","https://www.nasdaq.com/symbol/tsg",
"TTD","The Trade Desk, Inc.","197.95","7576623941.85","n/a","2016","Technology","Computer Software: Programming, Data Processing","https://www.nasdaq.com/symbol/ttd",
"ULTI","The Ultimate Software Group, Inc.","330.13","10458605224.19","n/a","1998","Technology","Computer Software: Prepackaged Software","https://www.nasdaq.com/symbol/ulti",
"TISA","Top Image Systems, Ltd.","0.84","15526320.6","n/a","1996","Technology","Computer peripheral equipment","https://www.nasdaq.com/symbol/tisa",
"TSEM","Tower Semiconductor Ltd.","16.56","1753413752.88","n/a","1994","Technology","Semiconductors","https://www.nasdaq.com/symbol/tsem",
"TACT","TransAct Technologies Incorporated","9.14","68101847.52","n/a","1996","Technology","Computer peripheral equipment","https://www.nasdaq.com/symbol/tact",
"TZOO","Travelzoo","13.4","158996386.8","n/a","n/a","Technology","EDP Services","https://www.nasdaq.com/symbol/tzoo",
"TRT","Trio-Tech International","3.33","12231273.15","n/a","n/a","Technology","Industrial Machinery/Components","https://www.nasdaq.com/symbol/trt",
"TRIP","TripAdvisor, Inc.","51.45","7107108107.4","n/a","n/a","Technology","Computer Software: Programming, Data Processing","https://www.nasdaq.com/symbol/trip",
"TRTN","Triton International Limited","31.1","2447495826.5","n/a","2016","Technology","Diversified Commercial Services","https://www.nasdaq.com/symbol/trtn",
"TRVG","trivago N.V.","4.32","153618698.88","35559884","2016","Technology","EDP Services","https://www.nasdaq.com/symbol/trvg",
"TBI","TrueBlue, Inc.","23.64","947349360","n/a","n/a","Technology","Professional Services","https://www.nasdaq.com/symbol/tbi",
"TRUE","TrueCar, Inc.","6.64","696421805.28","n/a","2014","Technology","Computer Software: Programming, Data Processing","https://www.nasdaq.com/symbol/true",
"TSRI","TSR, Inc.","5.27","10340066.74","n/a","n/a","Technology","EDP Services","https://www.nasdaq.com/symbol/tsri",
"TTEC","TTEC Holdings, Inc.","36.23","1674156490.06","n/a","1996","Technology","Professional Services","https://www.nasdaq.com/symbol/ttec",
"TTMI","TTM Technologies, Inc.","11.73","1233340504.14","n/a","2000","Technology","Electrical Products","https://www.nasdaq.com/symbol/ttmi",
"TCX","Tucows Inc.","81.18","863680433.22","n/a","n/a","Technology","EDP Services","https://www.nasdaq.com/symbol/tcx",
"TWLO","Twilio Inc.","129.18","15964210244.22","n/a","2016","Technology","Computer Software: Prepackaged Software","https://www.nasdaq.com/symbol/twlo",
"TWIN","Twin Disc, Incorporated","16.65","218106874.8","n/a","n/a","Technology","Industrial Machinery/Components","https://www.nasdaq.com/symbol/twin",
"TWTR","Twitter, Inc.","32.88","25213191204","n/a","2013","Technology","Computer Software: Programming, Data Processing","https://www.nasdaq.com/symbol/twtr",
"TYL","Tyler Technologies, Inc.","204.4","7827089200","n/a","n/a","Technology","Computer Software: Prepackaged Software","https://www.nasdaq.com/symbol/tyl",
"UBNT","Ubiquiti Networks, Inc.","149.71","10557861495.06","n/a","2011","Technology","Radio And Television Broadcasting And Communications Equipment","https://www.nasdaq.com/symbol/ubnt",
"UCTT","Ultra Clean Holdings, Inc.","10.35","404795217.15","n/a","2004","Technology","Semiconductors","https://www.nasdaq.com/symbol/uctt",
"UIS","Unisys Corporation","11.67","595573793.67","n/a","n/a","Technology","EDP Services","https://www.nasdaq.com/symbol/uis",
"UMC","United Microelectronics Corporation","1.88","4477498230.6","n/a","n/a","Technology","Semiconductors","https://www.nasdaq.com/symbol/umc",
"URI","United Rentals, Inc.","114.25","9002207987.75","n/a","1997","Technology","Diversified Commercial Services","https://www.nasdaq.com/symbol/uri",
"UPLD","Upland Software, Inc.","42.36","910517101.68","n/a","2014","Technology","Computer Software: Prepackaged Software","https://www.nasdaq.com/symbol/upld",
"UPWK","Upwork Inc.","19.14","2042085454.2","n/a","2018","Technology","EDP Services","https://www.nasdaq.com/symbol/upwk",
"VRNS","Varonis Systems, Inc.","59.63","1787768282.23","n/a","2014","Technology","Computer Software: Prepackaged Software","https://www.nasdaq.com/symbol/vrns",
"VECO","Veeco Instruments Inc.","10.84","520688657.56","n/a","1994","Technology","Industrial Machinery/Components","https://www.nasdaq.com/symbol/veco",
"VEEV","Veeva Systems Inc.","126.86","16008599140.2","n/a","2013","Technology","Computer Software: Prepackaged Software","https://www.nasdaq.com/symbol/veev",
"VRNT","Verint Systems Inc.","59.86","3910806203.56","n/a","2002","Technology","EDP Services","https://www.nasdaq.com/symbol/vrnt",
"VRSN","VeriSign, Inc.","181.56","21735446140.44","n/a","1998","Technology","EDP Services","https://www.nasdaq.com/symbol/vrsn",
"VRSK","Verisk Analytics, Inc.","133","21746767490","n/a","2009","Technology","EDP Services","https://www.nasdaq.com/symbol/vrsk",
"VERI","Veritone, Inc.","5.2","102456738.8","n/a","2017","Technology","EDP Services","https://www.nasdaq.com/symbol/veri",
"VSAT","ViaSat, Inc.","77.5","4687297882.5","n/a","1996","Technology","Radio And Television Broadcasting And Communications Equipment","https://www.nasdaq.com/symbol/vsat",
"VIAV","Viavi Solutions Inc.","12.38","2822595654.84","n/a","n/a","Technology","Semiconductors","https://www.nasdaq.com/symbol/viav",
"VRTU","Virtusa Corporation","53.45","1599260346","n/a","2007","Technology","EDP Services","https://www.nasdaq.com/symbol/vrtu",
"VMW","Vmware, Inc.","180.51","74138164650","n/a","2007","Technology","Computer Software: Prepackaged Software","https://www.nasdaq.com/symbol/vmw",
"VISI","Volt Information Sciences, Inc.","4.7","99597841","n/a","n/a","Technology","Professional Services","https://www.nasdaq.com/symbol/visi",
"VUZI","Vuzix Corporation","3.06","84449626.02","n/a","n/a","Technology","Radio And Television Broadcasting And Communications Equipment","https://www.nasdaq.com/symbol/vuzi",
"WSTG","Wayside Technology Group, Inc.","11.15","50342183.1","n/a","n/a","Technology","Retail: Computer Software & Peripheral Equipment","https://www.nasdaq.com/symbol/wstg",
"WB","Weibo Corporation","61.99","4623668524.71","74587329","2014","Technology","Computer Software: Programming, Data Processing","https://www.nasdaq.com/symbol/wb",
"WBT","Welbilt, Inc.","16.38","2304577629.9","n/a","2016","Technology","Industrial Machinery/Components","https://www.nasdaq.com/symbol/wbt",
"WDC","Western Digital Corporation","48.06","13978296080.28","n/a","n/a","Technology","Electronic Components","https://www.nasdaq.com/symbol/wdc",
"WYY","WidePoint Corporation","0.4548","38254340.4408","n/a","n/a","Technology","EDP Services","https://www.nasdaq.com/symbol/wyy",
"WIT","Wipro Limited","3.98","23929098036.2","n/a","n/a","Technology","EDP Services","https://www.nasdaq.com/symbol/wit",
"WIX","Wix.com Ltd.","120.83","5665524163.7","n/a","2013","Technology","Computer Software: Programming, Data Processing","https://www.nasdaq.com/symbol/wix",
"WDAY","Workday, Inc.","192.85","30277450000","n/a","n/a","Technology","EDP Services","https://www.nasdaq.com/symbol/wday",
"WK","Workiva Inc.","50.7","2246247884.4","n/a","2014","Technology","Computer Software: Prepackaged Software","https://www.nasdaq.com/symbol/wk",
"WPP","WPP plc","52.8","13324857955.2","n/a","n/a","Technology","Advertising","https://www.nasdaq.com/symbol/wpp",
"XRX","Xerox Corporation","31.98","7307639532.96","n/a","n/a","Technology","Computer peripheral equipment","https://www.nasdaq.com/symbol/xrx",
"XLNX","Xilinx, Inc.","126.79","32098650247.05","n/a","1990","Technology","Semiconductors","https://www.nasdaq.com/symbol/xlnx",
"XPER","Xperi Corporation","23.4","1149247288.8","n/a","n/a","Technology","Semiconductors","https://www.nasdaq.com/symbol/xper",
"XNET","Xunlei Limited","3.66","142401892.86","38907621","2014","Technology","Computer Software: Prepackaged Software","https://www.nasdaq.com/symbol/xnet",
"YNDX","Yandex N.V.","34.34","11139822649.76","n/a","2011","Technology","Computer Software: Programming, Data Processing","https://www.nasdaq.com/symbol/yndx",
"YEXT","Yext, Inc.","21.86","2235137804.26","n/a","2017","Technology","EDP Services","https://www.nasdaq.com/symbol/yext",
"YY","YY Inc.","84.01","4159541176.53","49512453","2012","Technology","EDP Services","https://www.nasdaq.com/symbol/yy",
"ZBRA","Zebra Technologies Corporation","209.53","11287485236.41","n/a","1991","Technology","Industrial Machinery/Components","https://www.nasdaq.com/symbol/zbra",
"ZDGE","Zedge, Inc.","1.78","17486654.14","n/a","2016","Technology","Computer Software: Prepackaged Software","https://www.nasdaq.com/symbol/zdge",
"ZEN","Zendesk, Inc.","85","9210504375","n/a","2014","Technology","EDP Services","https://www.nasdaq.com/symbol/zen",
"ZIXI","Zix Corporation","6.88","372134198.24","n/a","n/a","Technology","EDP Services","https://www.nasdaq.com/symbol/zixi",
"ZS","Zscaler, Inc.","70.93","8805753590.21","n/a","2018","Technology","EDP Services","https://www.nasdaq.com/symbol/zs",
"ZUO","Zuora, Inc.","20.03","2173307078","n/a","2018","Technology","Computer Software: Prepackaged Software","https://www.nasdaq.com/symbol/zuo",
"ZNGA","Zynga Inc.","5.33","4933692790.91","n/a","2011","Technology","EDP Services","https://www.nasdaq.com/symbol/znga",
